2016-12-31T02:58:23.504Z,https://www.hotels.com/search.do?q-destination=Brooklyn%2C+NY&q-check-in=2017-01-03&q-check-out=2017-01-05&q-rooms=1&q-room-0-adults=2&q-room-0-children=0&sort-order=DISTANCE_FROM_LANDMARK,3do8XNIx2lnILf-DPKE1-R_9c_c=,src\main\resources\apiCache\hotels\3do8XNIx2lnILf-DPKE1-R_9c_c=.json
2016-12-31T02:58:34.197Z,https://maps.googleapis.com/maps/api/directions/json?origin=296+6th+St.%2C+Brooklyn%2C+NY&key=AIzaSyBrc16mMFU7w8Hyo7nFD6ny5SjeOapkY9Q&waypoints=optimize%3Atrue%7CNew+York%2C+NY%7CSan+Francisco%2C+CA%7CChicago%2C+IL%7CDenver%2C+CO%7CSan+Antonio%2C+TX%7COrlando%2C+FL%7CMontreal%2C+Canada%7CSeattle%2C+Washington%7CBrooklyn%2C+NY%7CLos+Angeles%2C+CA&destination=296+6th+St.%2C+Brooklyn%2C+NY,xDIGdbmUnW7-r5X4MJtYaQDx6d8=,src\main\resources\apiCache\google\maps\directions\order\xDIGdbmUnW7-r5X4MJtYaQDx6d8=.json
2016-12-31T02:58:35.872Z,https://www.hotels.com/search.do?q-destination=San+Antonio%2C+TX&q-check-in=2017-01-05&q-check-out=2017-01-10&q-rooms=2&q-room-0-adults=2&q-room-0-children=0&q-room-1-adults=1&q-room-1-children=0&sort-order=DISTANCE_FROM_LANDMARK,jtVUvbbXvdMtyydIycMLUG31Xk8=,src\main\resources\apiCache\hotels\jtVUvbbXvdMtyydIycMLUG31Xk8=.json
2016-12-31T02:58:36.472Z,https://www.hotels.com/search.do?q-destination=Chicago%2C+IL&q-check-in=2017-02-03&q-check-out=2017-02-06&q-rooms=2&q-room-0-adults=2&q-room-0-children=0&q-room-1-adults=1&q-room-1-children=0&sort-order=DISTANCE_FROM_LANDMARK,vjoqK2B4umL1ZZE4nGHykbtg4SA=,src\main\resources\apiCache\hotels\vjoqK2B4umL1ZZE4nGHykbtg4SA=.json
2016-12-31T02:58:36.568Z,https://www.hotels.com/search.do?q-destination=New+York%2C+NY&q-check-in=2017-02-13&q-check-out=2017-02-14&q-rooms=2&q-room-0-adults=2&q-room-0-children=0&q-room-1-adults=1&q-room-1-children=0&sort-order=DISTANCE_FROM_LANDMARK,LCw9AniGqTmc8woXS3EbM9kvcGU=,src\main\resources\apiCache\hotels\LCw9AniGqTmc8woXS3EbM9kvcGU=.json
2016-12-31T02:58:36.625Z,https://www.hotels.com/search.do?q-destination=Los+Angeles%2C+CA&q-check-in=2017-01-10&q-check-out=2017-01-20&q-rooms=2&q-room-0-adults=2&q-room-0-children=0&q-room-1-adults=1&q-room-1-children=0&sort-order=DISTANCE_FROM_LANDMARK,StW9ahosuEkawybQNUy1sOlbQa0=,src\main\resources\apiCache\hotels\StW9ahosuEkawybQNUy1sOlbQa0=.json
2016-12-31T02:58:37.710Z,https://www.hotels.com/search.do?q-destination=Denver%2C+CO&q-check-in=2017-01-30&q-check-out=2017-02-03&q-rooms=2&q-room-0-adults=2&q-room-0-children=0&q-room-1-adults=1&q-room-1-children=0&sort-order=DISTANCE_FROM_LANDMARK,srWSh1-LE80cEAoaKljzq8bZAjE=,src\main\resources\apiCache\hotels\srWSh1-LE80cEAoaKljzq8bZAjE=.json
2016-12-31T02:58:37.913Z,https://www.hotels.com/search.do?q-destination=Seattle%2C+Washington&q-check-in=2017-01-22&q-check-out=2017-01-30&q-rooms=2&q-room-0-adults=2&q-room-0-children=0&q-room-1-adults=1&q-room-1-children=0&sort-order=DISTANCE_FROM_LANDMARK,jG0Y7o7-GJ_hUmZHsT3-8lNiyEI=,src\main\resources\apiCache\hotels\jG0Y7o7-GJ_hUmZHsT3-8lNiyEI=.json
2016-12-31T02:58:38.107Z,https://www.hotels.com/search.do?q-destination=Orlando%2C+FL&q-check-in=2016-12-30&q-check-out=2017-01-05&q-rooms=2&q-room-0-adults=2&q-room-0-children=0&q-room-1-adults=1&q-room-1-children=0&sort-order=DISTANCE_FROM_LANDMARK,USwvvSb64WJnugABHnUopzE55WU=,src\main\resources\apiCache\hotels\USwvvSb64WJnugABHnUopzE55WU=.json
2016-12-31T02:58:38.158Z,https://www.hotels.com/search.do?q-destination=Brooklyn%2C+NY&q-check-in=2017-02-14&q-check-out=2017-02-23&q-rooms=2&q-room-0-adults=2&q-room-0-children=0&q-room-1-adults=1&q-room-1-children=0&sort-order=DISTANCE_FROM_LANDMARK,9mzfRakUgAB6uuQSMnrfi769lYk=,src\main\resources\apiCache\hotels\9mzfRakUgAB6uuQSMnrfi769lYk=.json
2016-12-31T02:58:38.881Z,https://www.hotels.com/search.do?q-destination=San+Francisco%2C+CA&q-check-in=2017-01-20&q-check-out=2017-01-22&q-rooms=2&q-room-0-adults=2&q-room-0-children=0&q-room-1-adults=1&q-room-1-children=0&sort-order=DISTANCE_FROM_LANDMARK,ZA_IO69wsf5pLkOOghkSkNnCfNI=,src\main\resources\apiCache\hotels\ZA_IO69wsf5pLkOOghkSkNnCfNI=.json
2016-12-31T02:58:39.627Z,https://www.hotels.com/search.do?q-destination=Montreal%2C+Canada&q-check-in=2017-02-06&q-check-out=2017-02-13&q-rooms=2&q-room-0-adults=2&q-room-0-children=0&q-room-1-adults=1&q-room-1-children=0&sort-order=DISTANCE_FROM_LANDMARK,am8EKo6mGSVRby06XFC9DNSJY0Q=,src\main\resources\apiCache\hotels\am8EKo6mGSVRby06XFC9DNSJY0Q=.json
2016-12-31T03:20:36.830Z,https://www.hotels.com/search.do?q-destination=Brooklyn%2C+NY&q-check-in=2017-01-03&q-check-out=2017-01-06&q-rooms=1&q-room-0-adults=2&q-room-0-children=0&sort-order=DISTANCE_FROM_LANDMARK,7Hl3lUMxQnFomo_5TnTVM6NFL2I=,src\main\resources\apiCache\hotels\7Hl3lUMxQnFomo_5TnTVM6NFL2I=.json
2016-12-31T04:44:58.473Z,https://maps.googleapis.com/maps/api/geocode/json?address=Honolulu&key=AIzaSyBrc16mMFU7w8Hyo7nFD6ny5SjeOapkY9Q,CccR3e9nqKmzHZ2E-MYq3xoAEmE=,src\main\resources\apiCache\google\maps\geocoding\exists\CccR3e9nqKmzHZ2E-MYq3xoAEmE=.json
2016-12-31T04:44:58.530Z,https://maps.googleapis.com/maps/api/geocode/json?address=Los+Angeles&key=AIzaSyBrc16mMFU7w8Hyo7nFD6ny5SjeOapkY9Q,I03tuE3UpZuHTJ4RPgo-2ZpYiUw=,src\main\resources\apiCache\google\maps\geocoding\exists\I03tuE3UpZuHTJ4RPgo-2ZpYiUw=.json
2016-12-31T04:44:58.586Z,https://maps.googleapis.com/maps/api/geocode/json?address=New+York+City&key=AIzaSyBrc16mMFU7w8Hyo7nFD6ny5SjeOapkY9Q,2-WsRc8Lx33ByRCMKpz6Mc69g7g=,src\main\resources\apiCache\google\maps\geocoding\exists\2-WsRc8Lx33ByRCMKpz6Mc69g7g=.json
2016-12-31T04:44:58.643Z,https://maps.googleapis.com/maps/api/geocode/json?address=Boston&key=AIzaSyBrc16mMFU7w8Hyo7nFD6ny5SjeOapkY9Q,PMlkrjl_TkKVvK9cwkCQqCiHb0M=,src\main\resources\apiCache\google\maps\geocoding\exists\PMlkrjl_TkKVvK9cwkCQqCiHb0M=.json
2016-12-31T04:44:59.610Z,https://maps.googleapis.com/maps/api/directions/json?origin=Honolulu&key=AIzaSyBrc16mMFU7w8Hyo7nFD6ny5SjeOapkY9Q&waypoints=optimize%3Atrue%7CLos+Angeles%7CNew+York+City%7CBoston&destination=Honolulu,IBNBCCWAO_DqonizdZb-BWfLD5s=,src\main\resources\apiCache\google\maps\directions\order\IBNBCCWAO_DqonizdZb-BWfLD5s=.json
2016-12-31T04:46:48.121Z,https://maps.googleapis.com/maps/api/geocode/json?address=Chicago&key=AIzaSyBrc16mMFU7w8Hyo7nFD6ny5SjeOapkY9Q,rl9ov_SsOZUK9e6X_RzuWwvNP60=,src\main\resources\apiCache\google\maps\geocoding\exists\rl9ov_SsOZUK9e6X_RzuWwvNP60=.json
2016-12-31T04:46:50.335Z,https://maps.googleapis.com/maps/api/directions/json?origin=New+York+City&key=AIzaSyBrc16mMFU7w8Hyo7nFD6ny5SjeOapkY9Q&waypoints=optimize%3Atrue%7CBoston%7CChicago%7CLos+Angeles&destination=New+York+City,Pzh5PbR_yT4IWtwWiOL_WrVUYcE=,src\main\resources\apiCache\google\maps\directions\order\Pzh5PbR_yT4IWtwWiOL_WrVUYcE=.json
2016-12-31T04:46:52.272Z,https://www.hotels.com/search.do?q-destination=Boston&q-check-in=2017-01-06&q-check-out=2017-01-11&q-rooms=2&q-room-0-adults=2&q-room-0-children=0&q-room-1-adults=1&q-room-1-children=0&sort-order=DISTANCE_FROM_LANDMARK,oPu8HYeuU6tYKEstFOMxmd2p8Dk=,src\main\resources\apiCache\hotels\oPu8HYeuU6tYKEstFOMxmd2p8Dk=.json
2016-12-31T04:46:52.609Z,https://www.hotels.com/search.do?q-destination=Chicago&q-check-in=2017-01-11&q-check-out=2017-01-17&q-rooms=2&q-room-0-adults=2&q-room-0-children=0&q-room-1-adults=1&q-room-1-children=0&sort-order=DISTANCE_FROM_LANDMARK,CVE1Wt87xeGGXJLPax3dheiq13g=,src\main\resources\apiCache\hotels\CVE1Wt87xeGGXJLPax3dheiq13g=.json
2016-12-31T04:46:52.787Z,https://www.hotels.com/search.do?q-destination=Los+Angeles&q-check-in=2017-01-17&q-check-out=2017-01-19&q-rooms=2&q-room-0-adults=2&q-room-0-children=0&q-room-1-adults=1&q-room-1-children=0&sort-order=DISTANCE_FROM_LANDMARK,scuF8NtEqLljj0YU-xAA5O_ynG4=,src\main\resources\apiCache\hotels\scuF8NtEqLljj0YU-xAA5O_ynG4=.json
2016-12-31T04:49:11.338Z,https://maps.googleapis.com/maps/api/geocode/json?address=Illinois&key=AIzaSyBrc16mMFU7w8Hyo7nFD6ny5SjeOapkY9Q,Wby2SgMCKbh-ivpZcm5oFYBz1oA=,src\main\resources\apiCache\google\maps\geocoding\exists\Wby2SgMCKbh-ivpZcm5oFYBz1oA=.json
2016-12-31T04:49:11.400Z,https://maps.googleapis.com/maps/api/geocode/json?address=California&key=AIzaSyBrc16mMFU7w8Hyo7nFD6ny5SjeOapkY9Q,9-TY253ltyX1HdSIlLXMH0a53U4=,src\main\resources\apiCache\google\maps\geocoding\exists\9-TY253ltyX1HdSIlLXMH0a53U4=.json
2016-12-31T04:49:12.414Z,https://maps.googleapis.com/maps/api/directions/json?origin=Illinois&key=AIzaSyBrc16mMFU7w8Hyo7nFD6ny5SjeOapkY9Q&waypoints=optimize%3Atrue%7CCalifornia&destination=Illinois,DAWQEjPFqiAgu1mn2-OSsVTApBk=,src\main\resources\apiCache\google\maps\directions\order\DAWQEjPFqiAgu1mn2-OSsVTApBk=.json
2016-12-31T04:49:13.638Z,https://www.hotels.com/search.do?q-destination=California&q-check-in=2016-12-30&q-check-out=2017-01-16&q-rooms=1&q-room-0-adults=2&q-room-0-children=0&sort-order=DISTANCE_FROM_LANDMARK,evYF5E3dcoC23-nXkj4UW6Fkelw=,src\main\resources\apiCache\hotels\evYF5E3dcoC23-nXkj4UW6Fkelw=.json
2016-12-31T07:03:05.823Z,https://maps.googleapis.com/maps/api/directions/json?origin=Virginia%2C+MN&key=AIzaSyBrc16mMFU7w8Hyo7nFD6ny5SjeOapkY9Q&waypoints=optimize%3Atrue%7COlathe%2C+KS%7CDolton%2C+IL%7CJohnston%2C+IA%7CHatboro%2C+PA%7CPevely%2C+MO%7CAndalusia%2C+AL%7CForest+Lake%2C+MN%7CMarinette%2C+WI%7CBolingbrook%2C+IL%7CDacula%2C+GA%7CSidney%2C+MT%7CCamden%2C+AR%7CClairton%2C+PA&destination=Virginia%2C+MN,PLs8lfXduxGO1WRsmTMCeCXk0ls=,src\main\resources\apiCache\google\maps\directions\order\PLs8lfXduxGO1WRsmTMCeCXk0ls=.json
2016-12-31T07:03:07.125Z,https://www.hotels.com/search.do?q-destination=Forest+Lake%2C+MN&q-check-in=2017-04-08&q-check-out=2017-04-11&q-rooms=1&q-room-0-adults=2&q-room-0-children=0&sort-order=DISTANCE_FROM_LANDMARK,aOmf2H73sVLy454XYiC8tjy9zzA=,src\main\resources\apiCache\hotels\aOmf2H73sVLy454XYiC8tjy9zzA=.json
2016-12-31T07:03:07.131Z,https://www.hotels.com/search.do?q-destination=Bolingbrook%2C+IL&q-check-in=2017-05-27&q-check-out=2017-05-29&q-rooms=1&q-room-0-adults=2&q-room-0-children=0&sort-order=DISTANCE_FROM_LANDMARK,MmxGHNwXQ3rlCXilHC5zLckV_5o=,src\main\resources\apiCache\hotels\MmxGHNwXQ3rlCXilHC5zLckV_5o=.json
2016-12-31T07:03:07.152Z,https://www.hotels.com/search.do?q-destination=Olathe%2C+KS&q-check-in=2017-04-15&q-check-out=2017-04-18&q-rooms=1&q-room-0-adults=2&q-room-0-children=0&sort-order=DISTANCE_FROM_LANDMARK,rROTjbRQKSLLkfhhDKuwuF73Cpw=,src\main\resources\apiCache\hotels\rROTjbRQKSLLkfhhDKuwuF73Cpw=.json
2016-12-31T07:03:07.325Z,https://www.hotels.com/search.do?q-destination=Dacula%2C+GA&q-check-in=2017-04-28&q-check-out=2017-05-06&q-rooms=1&q-room-0-adults=2&q-room-0-children=0&sort-order=DISTANCE_FROM_LANDMARK,HyBpufFUrlZneV-0xWLCUvn7UWA=,src\main\resources\apiCache\hotels\HyBpufFUrlZneV-0xWLCUvn7UWA=.json
2016-12-31T07:03:08.269Z,https://www.hotels.com/search.do?q-destination=Johnston%2C+IA&q-check-in=2017-04-11&q-check-out=2017-04-15&q-rooms=1&q-room-0-adults=2&q-room-0-children=0&sort-order=DISTANCE_FROM_LANDMARK,_uIr5EjHVz7aHx8upDwypL_dLUw=,src\main\resources\apiCache\hotels\_uIr5EjHVz7aHx8upDwypL_dLUw=.json
2016-12-31T07:03:08.282Z,https://www.hotels.com/search.do?q-destination=Camden%2C+AR&q-check-in=2017-04-22&q-check-out=2017-04-26&q-rooms=1&q-room-0-adults=2&q-room-0-children=0&sort-order=DISTANCE_FROM_LANDMARK,73QaNTj_CPCF_sF3ibvypUKVcbg=,src\main\resources\apiCache\hotels\73QaNTj_CPCF_sF3ibvypUKVcbg=.json
2016-12-31T07:03:08.299Z,https://www.hotels.com/search.do?q-destination=Marinette%2C+WI&q-check-in=2017-05-29&q-check-out=2017-05-30&q-rooms=1&q-room-0-adults=2&q-room-0-children=0&sort-order=DISTANCE_FROM_LANDMARK,poVvLpaVcgopSociD6YEfNZiqcI=,src\main\resources\apiCache\hotels\poVvLpaVcgopSociD6YEfNZiqcI=.json
2016-12-31T07:03:08.598Z,https://www.hotels.com/search.do?q-destination=Hatboro%2C+PA&q-check-in=2017-05-06&q-check-out=2017-05-13&q-rooms=1&q-room-0-adults=2&q-room-0-children=0&sort-order=DISTANCE_FROM_LANDMARK,WIFg5Uxu_OKVKNo75jLO4HXZJlc=,src\main\resources\apiCache\hotels\WIFg5Uxu_OKVKNo75jLO4HXZJlc=.json
2016-12-31T07:03:08.916Z,https://www.hotels.com/search.do?q-destination=Pevely%2C+MO&q-check-in=2017-04-18&q-check-out=2017-04-22&q-rooms=1&q-room-0-adults=2&q-room-0-children=0&sort-order=DISTANCE_FROM_LANDMARK,xVs4dSnIUNHZQ-JPRGRfnJajJDs=,src\main\resources\apiCache\hotels\xVs4dSnIUNHZQ-JPRGRfnJajJDs=.json
2016-12-31T07:03:09.088Z,https://www.hotels.com/search.do?q-destination=Sidney%2C+MT&q-check-in=2017-04-05&q-check-out=2017-04-08&q-rooms=1&q-room-0-adults=2&q-room-0-children=0&sort-order=DISTANCE_FROM_LANDMARK,vjZuqHXRNgSx2jZUGQ1Y21O9jZs=,src\main\resources\apiCache\hotels\vjZuqHXRNgSx2jZUGQ1Y21O9jZs=.json
2016-12-31T07:03:09.230Z,https://www.hotels.com/search.do?q-destination=Andalusia%2C+AL&q-check-in=2017-04-26&q-check-out=2017-04-28&q-rooms=1&q-room-0-adults=2&q-room-0-children=0&sort-order=DISTANCE_FROM_LANDMARK,dXOpHVpj-caXahxtsLOt_Lr6mJk=,src\main\resources\apiCache\hotels\dXOpHVpj-caXahxtsLOt_Lr6mJk=.json
2016-12-31T07:03:09.495Z,https://www.hotels.com/search.do?q-destination=Dolton%2C+IL&q-check-in=2017-05-19&q-check-out=2017-05-27&q-rooms=1&q-room-0-adults=2&q-room-0-children=0&sort-order=DISTANCE_FROM_LANDMARK,7ppyd9sYzaoS8_WJkvkGwD29aVk=,src\main\resources\apiCache\hotels\7ppyd9sYzaoS8_WJkvkGwD29aVk=.json
2016-12-31T07:03:09.577Z,https://www.hotels.com/search.do?q-destination=Clairton%2C+PA&q-check-in=2017-05-13&q-check-out=2017-05-19&q-rooms=1&q-room-0-adults=2&q-room-0-children=0&sort-order=DISTANCE_FROM_LANDMARK,-iWavvGLbw0TCr3HYQYK5764fQk=,src\main\resources\apiCache\hotels\-iWavvGLbw0TCr3HYQYK5764fQk=.json
2016-12-31T07:03:29.885Z,https://maps.googleapis.com/maps/api/directions/json?origin=Barrington+Hills%2C+IL&key=AIzaSyBrc16mMFU7w8Hyo7nFD6ny5SjeOapkY9Q&waypoints=optimize%3Atrue%7CPeabody%2C+MA%7CLakewood%2C+WA%7CLuling%2C+TX%7CWoodstock%2C+IL&destination=Barrington+Hills%2C+IL,UHGNiolnYxmwxyGZoYn9Ju7avS4=,src\main\resources\apiCache\google\maps\directions\order\UHGNiolnYxmwxyGZoYn9Ju7avS4=.json
2016-12-31T07:03:31.137Z,https://www.hotels.com/search.do?q-destination=Woodstock%2C+IL&q-check-in=2017-03-23&q-check-out=2017-03-26&q-rooms=3&q-room-0-adults=2&q-room-0-children=0&q-room-1-adults=2&q-room-1-children=0&q-room-2-adults=1&q-room-2-children=0&sort-order=DISTANCE_FROM_LANDMARK,LmYsOQkpaw98BCiiuZQvpqyAIYU=,src\main\resources\apiCache\hotels\LmYsOQkpaw98BCiiuZQvpqyAIYU=.json
2016-12-31T07:03:31.142Z,https://www.hotels.com/search.do?q-destination=Lakewood%2C+WA&q-check-in=2017-03-16&q-check-out=2017-03-23&q-rooms=3&q-room-0-adults=2&q-room-0-children=0&q-room-1-adults=2&q-room-1-children=0&q-room-2-adults=1&q-room-2-children=0&sort-order=DISTANCE_FROM_LANDMARK,7KnVIhGUuuqMTH1bM1sk9u2aYEs=,src\main\resources\apiCache\hotels\7KnVIhGUuuqMTH1bM1sk9u2aYEs=.json
2016-12-31T07:03:31.153Z,https://www.hotels.com/search.do?q-destination=Luling%2C+TX&q-check-in=2017-03-10&q-check-out=2017-03-16&q-rooms=3&q-room-0-adults=2&q-room-0-children=0&q-room-1-adults=2&q-room-1-children=0&q-room-2-adults=1&q-room-2-children=0&sort-order=DISTANCE_FROM_LANDMARK,AAEuTTLOzQkCUA0t_cxeKTb3P00=,src\main\resources\apiCache\hotels\AAEuTTLOzQkCUA0t_cxeKTb3P00=.json
2016-12-31T07:03:31.333Z,https://www.hotels.com/search.do?q-destination=Peabody%2C+MA&q-check-in=2017-03-02&q-check-out=2017-03-10&q-rooms=3&q-room-0-adults=2&q-room-0-children=0&q-room-1-adults=2&q-room-1-children=0&q-room-2-adults=1&q-room-2-children=0&sort-order=DISTANCE_FROM_LANDMARK,OFEDPyBD-8gg5dm_UADXUsIEnyY=,src\main\resources\apiCache\hotels\OFEDPyBD-8gg5dm_UADXUsIEnyY=.json
2016-12-31T07:04:45.818Z,https://maps.googleapis.com/maps/api/directions/json?origin=Hilliard%2C+OH&key=AIzaSyBrc16mMFU7w8Hyo7nFD6ny5SjeOapkY9Q&waypoints=optimize%3Atrue%7CLynchburg%2C+VA%7CMarlborough%2C+MA%7CKirtland%2C+OH%7CTell+City%2C+IN%7CPlain+City%2C+UT%7COmak%2C+WA%7CNormandy+Park%2C+WA%7CValley+Park%2C+MO%7CDesert+Hot+Springs%2C+CA%7CChillicothe%2C+MO%7CSuffern%2C+NY%7CGiddings%2C+TX%7CWytheville%2C+VA%7CMilton-Freewater%2C+OR%7CNormandy%2C+MO%7CRockport%2C+TX%7CIsanti%2C+MN%7CGrandview%2C+WA%7CBartow%2C+FL&destination=Hilliard%2C+OH,Jmgs-caqu1PMyI2Pmrtdt3B1rgo=,src\main\resources\apiCache\google\maps\directions\order\Jmgs-caqu1PMyI2Pmrtdt3B1rgo=.json
2016-12-31T07:04:46.964Z,https://www.hotels.com/search.do?q-destination=Grandview%2C+WA&q-check-in=2017-02-25&q-check-out=2017-03-04&q-rooms=2&q-room-0-adults=2&q-room-0-children=0&q-room-1-adults=1&q-room-1-children=0&sort-order=DISTANCE_FROM_LANDMARK,oCs9S1blIxLNpJu-X6u6SOhJFhY=,src\main\resources\apiCache\hotels\oCs9S1blIxLNpJu-X6u6SOhJFhY=.json
2016-12-31T07:04:46.969Z,https://www.hotels.com/search.do?q-destination=Valley+Park%2C+MO&q-check-in=2017-02-04&q-check-out=2017-02-09&q-rooms=2&q-room-0-adults=2&q-room-0-children=0&q-room-1-adults=1&q-room-1-children=0&sort-order=DISTANCE_FROM_LANDMARK,KfOnfi3HcjG_HnVRL7aksid5N4w=,src\main\resources\apiCache\hotels\KfOnfi3HcjG_HnVRL7aksid5N4w=.json
2016-12-31T07:04:47.014Z,https://www.hotels.com/search.do?q-destination=Rockport%2C+TX&q-check-in=2017-03-21&q-check-out=2017-03-29&q-rooms=2&q-room-0-adults=2&q-room-0-children=0&q-room-1-adults=1&q-room-1-children=0&sort-order=DISTANCE_FROM_LANDMARK,cni1FeL2GojFcmDvVpA5PPipkqk=,src\main\resources\apiCache\hotels\cni1FeL2GojFcmDvVpA5PPipkqk=.json
2016-12-31T07:04:47.024Z,https://www.hotels.com/search.do?q-destination=Omak%2C+WA&q-check-in=2017-02-20&q-check-out=2017-02-22&q-rooms=2&q-room-0-adults=2&q-room-0-children=0&q-room-1-adults=1&q-room-1-children=0&sort-order=DISTANCE_FROM_LANDMARK,gBclBNNXih81LwOl0UAF8Q6XVdU=,src\main\resources\apiCache\hotels\gBclBNNXih81LwOl0UAF8Q6XVdU=.json
2016-12-31T07:04:47.789Z,https://www.hotels.com/search.do?q-destination=Milton-Freewater%2C+OR&q-check-in=2017-03-04&q-check-out=2017-03-06&q-rooms=2&q-room-0-adults=2&q-room-0-children=0&q-room-1-adults=1&q-room-1-children=0&sort-order=DISTANCE_FROM_LANDMARK,CKnJWw2-nf6NK3jWFXrtEE4DVQE=,src\main\resources\apiCache\hotels\CKnJWw2-nf6NK3jWFXrtEE4DVQE=.json
2016-12-31T07:04:47.807Z,https://www.hotels.com/search.do?q-destination=Isanti%2C+MN&q-check-in=2017-02-15&q-check-out=2017-02-20&q-rooms=2&q-room-0-adults=2&q-room-0-children=0&q-room-1-adults=1&q-room-1-children=0&sort-order=DISTANCE_FROM_LANDMARK,fpbUhMytTFMKq-lfUlHcPJsYSL4=,src\main\resources\apiCache\hotels\fpbUhMytTFMKq-lfUlHcPJsYSL4=.json
2016-12-31T07:04:47.820Z,https://www.hotels.com/search.do?q-destination=Chillicothe%2C+MO&q-check-in=2017-02-09&q-check-out=2017-02-15&q-rooms=2&q-room-0-adults=2&q-room-0-children=0&q-room-1-adults=1&q-room-1-children=0&sort-order=DISTANCE_FROM_LANDMARK,2oYoS0fqEqDjl8dil5EmW2V7p0w=,src\main\resources\apiCache\hotels\2oYoS0fqEqDjl8dil5EmW2V7p0w=.json
2016-12-31T07:04:47.827Z,https://www.hotels.com/search.do?q-destination=Bartow%2C+FL&q-check-in=2017-04-01&q-check-out=2017-04-07&q-rooms=2&q-room-0-adults=2&q-room-0-children=0&q-room-1-adults=1&q-room-1-children=0&sort-order=DISTANCE_FROM_LANDMARK,kZQOLolh8_l8EIdCim-BuXwm0HA=,src\main\resources\apiCache\hotels\kZQOLolh8_l8EIdCim-BuXwm0HA=.json
2016-12-31T07:04:48.464Z,https://www.hotels.com/search.do?q-destination=Tell+City%2C+IN&q-check-in=2017-01-27&q-check-out=2017-01-31&q-rooms=2&q-room-0-adults=2&q-room-0-children=0&q-room-1-adults=1&q-room-1-children=0&sort-order=DISTANCE_FROM_LANDMARK,GFw_hw0lCd0muyhLtSHVxpZ9N4U=,src\main\resources\apiCache\hotels\GFw_hw0lCd0muyhLtSHVxpZ9N4U=.json
2016-12-31T07:04:48.602Z,https://www.hotels.com/search.do?q-destination=Giddings%2C+TX&q-check-in=2017-03-29&q-check-out=2017-04-01&q-rooms=2&q-room-0-adults=2&q-room-0-children=0&q-room-1-adults=1&q-room-1-children=0&sort-order=DISTANCE_FROM_LANDMARK,pxTJe0dnczKmccDO3KGQg36Do64=,src\main\resources\apiCache\hotels\pxTJe0dnczKmccDO3KGQg36Do64=.json
2016-12-31T07:04:48.739Z,https://www.hotels.com/search.do?q-destination=Normandy%2C+MO&q-check-in=2017-01-31&q-check-out=2017-02-04&q-rooms=2&q-room-0-adults=2&q-room-0-children=0&q-room-1-adults=1&q-room-1-children=0&sort-order=DISTANCE_FROM_LANDMARK,r0y8YV3PxT3SDGZIX-dNLudSY0Y=,src\main\resources\apiCache\hotels\r0y8YV3PxT3SDGZIX-dNLudSY0Y=.json
2016-12-31T07:04:49.153Z,https://www.hotels.com/search.do?q-destination=Normandy+Park%2C+WA&q-check-in=2017-02-22&q-check-out=2017-02-25&q-rooms=2&q-room-0-adults=2&q-room-0-children=0&q-room-1-adults=1&q-room-1-children=0&sort-order=DISTANCE_FROM_LANDMARK,Qvf740jfVdvlRAsNGAeYa_RrzUU=,src\main\resources\apiCache\hotels\Qvf740jfVdvlRAsNGAeYa_RrzUU=.json
2016-12-31T07:04:49.229Z,https://www.hotels.com/search.do?q-destination=Suffern%2C+NY&q-check-in=2017-04-13&q-check-out=2017-04-17&q-rooms=2&q-room-0-adults=2&q-room-0-children=0&q-room-1-adults=1&q-room-1-children=0&sort-order=DISTANCE_FROM_LANDMARK,FK92Y9z5DnuLthZrvDzyCPGc75M=,src\main\resources\apiCache\hotels\FK92Y9z5DnuLthZrvDzyCPGc75M=.json
2016-12-31T07:04:49.401Z,https://www.hotels.com/search.do?q-destination=Desert+Hot+Springs%2C+CA&q-check-in=2017-03-14&q-check-out=2017-03-21&q-rooms=2&q-room-0-adults=2&q-room-0-children=0&q-room-1-adults=1&q-room-1-children=0&sort-order=DISTANCE_FROM_LANDMARK,GVuSAIdrxuxGyUW7xsWrKu-3b3M=,src\main\resources\apiCache\hotels\GVuSAIdrxuxGyUW7xsWrKu-3b3M=.json
2016-12-31T07:04:49.622Z,https://www.hotels.com/search.do?q-destination=Plain+City%2C+UT&q-check-in=2017-03-06&q-check-out=2017-03-14&q-rooms=2&q-room-0-adults=2&q-room-0-children=0&q-room-1-adults=1&q-room-1-children=0&sort-order=DISTANCE_FROM_LANDMARK,ZlSq2DKjoa0ofzFMBogwNtVLC9E=,src\main\resources\apiCache\hotels\ZlSq2DKjoa0ofzFMBogwNtVLC9E=.json
2016-12-31T07:04:50.033Z,https://www.hotels.com/search.do?q-destination=Kirtland%2C+OH&q-check-in=2017-04-20&q-check-out=2017-04-28&q-rooms=2&q-room-0-adults=2&q-room-0-children=0&q-room-1-adults=1&q-room-1-children=0&sort-order=DISTANCE_FROM_LANDMARK,8R7h2C45kKUlRyQsYbrVKU_RtOA=,src\main\resources\apiCache\hotels\8R7h2C45kKUlRyQsYbrVKU_RtOA=.json
2016-12-31T07:04:50.320Z,https://www.hotels.com/search.do?q-destination=Lynchburg%2C+VA&q-check-in=2017-04-09&q-check-out=2017-04-13&q-rooms=2&q-room-0-adults=2&q-room-0-children=0&q-room-1-adults=1&q-room-1-children=0&sort-order=DISTANCE_FROM_LANDMARK,vp9HwWwUyqOYKVs-uDiTHPFuEgA=,src\main\resources\apiCache\hotels\vp9HwWwUyqOYKVs-uDiTHPFuEgA=.json
2016-12-31T07:04:50.374Z,https://www.hotels.com/search.do?q-destination=Marlborough%2C+MA&q-check-in=2017-04-17&q-check-out=2017-04-20&q-rooms=2&q-room-0-adults=2&q-room-0-children=0&q-room-1-adults=1&q-room-1-children=0&sort-order=DISTANCE_FROM_LANDMARK,r3_eo75bKGC_j8eBCBo_IGsg4y4=,src\main\resources\apiCache\hotels\r3_eo75bKGC_j8eBCBo_IGsg4y4=.json
2016-12-31T07:04:50.645Z,https://www.hotels.com/search.do?q-destination=Wytheville%2C+VA&q-check-in=2017-04-07&q-check-out=2017-04-09&q-rooms=2&q-room-0-adults=2&q-room-0-children=0&q-room-1-adults=1&q-room-1-children=0&sort-order=DISTANCE_FROM_LANDMARK,OFY-G3Nh7xIh1utLbOvUSKXfQ6A=,src\main\resources\apiCache\hotels\OFY-G3Nh7xIh1utLbOvUSKXfQ6A=.json
2016-12-31T07:04:53.905Z,https://maps.googleapis.com/maps/api/directions/json?origin=Alexandria%2C+MN&key=AIzaSyBrc16mMFU7w8Hyo7nFD6ny5SjeOapkY9Q&waypoints=optimize%3Atrue%7CWadsworth%2C+OH%7CEnnis%2C+TX%7CKansas+City%2C+MO%7CMendota+Heights%2C+MN%7CGreensburg%2C+IN%7CPalm+Beach%2C+FL%7CSomerville%2C+MA%7CJefferson+City%2C+MO%7CLubbock%2C+TX%7CCamas%2C+WA%7CLancaster%2C+SC%7CHeath%2C+TX%7CPepper+Pike%2C+OH%7CHermiston%2C+OR%7CLawndale%2C+CA%7CBettendorf%2C+IA%7CBeachwood%2C+OH%7CElizabeth%2C+NJ&destination=Alexandria%2C+MN,o7dckZ8LaZyJG2KXtt9EXloIp6s=,src\main\resources\apiCache\google\maps\directions\order\o7dckZ8LaZyJG2KXtt9EXloIp6s=.json
2016-12-31T07:04:54.723Z,https://www.hotels.com/search.do?q-destination=Bettendorf%2C+IA&q-check-in=2017-03-25&q-check-out=2017-03-30&q-rooms=1&q-room-0-adults=1&q-room-0-children=0&sort-order=DISTANCE_FROM_LANDMARK,9wEmzXrLexphpkZasxAIhgiy9Es=,src\main\resources\apiCache\hotels\9wEmzXrLexphpkZasxAIhgiy9Es=.json
2016-12-31T07:04:54.829Z,https://www.hotels.com/search.do?q-destination=Jefferson+City%2C+MO&q-check-in=2017-03-30&q-check-out=2017-03-31&q-rooms=1&q-room-0-adults=1&q-room-0-children=0&sort-order=DISTANCE_FROM_LANDMARK,goUaPjq4mrMM-Dbf5os8YR7TWOI=,src\main\resources\apiCache\hotels\goUaPjq4mrMM-Dbf5os8YR7TWOI=.json
2016-12-31T07:04:54.949Z,https://www.hotels.com/search.do?q-destination=Beachwood%2C+OH&q-check-in=2017-03-06&q-check-out=2017-03-12&q-rooms=1&q-room-0-adults=1&q-room-0-children=0&sort-order=DISTANCE_FROM_LANDMARK,318iNkton7DhYXstThtG6WxpdmU=,src\main\resources\apiCache\hotels\318iNkton7DhYXstThtG6WxpdmU=.json
2016-12-31T07:04:55.207Z,https://www.hotels.com/search.do?q-destination=Heath%2C+TX&q-check-in=2017-02-13&q-check-out=2017-02-15&q-rooms=1&q-room-0-adults=1&q-room-0-children=0&sort-order=DISTANCE_FROM_LANDMARK,gkrkY_5LhSXhO5wLHNd33q03-xg=,src\main\resources\apiCache\hotels\gkrkY_5LhSXhO5wLHNd33q03-xg=.json
2016-12-31T07:04:55.467Z,https://www.hotels.com/search.do?q-destination=Mendota+Heights%2C+MN&q-check-in=2017-04-03&q-check-out=2017-04-10&q-rooms=1&q-room-0-adults=1&q-room-0-children=0&sort-order=DISTANCE_FROM_LANDMARK,Z2ulxtwTIvJnodyLLjH8t_gXhgM=,src\main\resources\apiCache\hotels\Z2ulxtwTIvJnodyLLjH8t_gXhgM=.json
2016-12-31T07:04:55.590Z,https://www.hotels.com/search.do?q-destination=Greensburg%2C+IN&q-check-in=2017-03-17&q-check-out=2017-03-25&q-rooms=1&q-room-0-adults=1&q-room-0-children=0&sort-order=DISTANCE_FROM_LANDMARK,tmHoX-lgGKIzwRtZJLZAolHOv6A=,src\main\resources\apiCache\hotels\tmHoX-lgGKIzwRtZJLZAolHOv6A=.json
2016-12-31T07:04:55.646Z,https://www.hotels.com/search.do?q-destination=Wadsworth%2C+OH&q-check-in=2017-03-12&q-check-out=2017-03-17&q-rooms=1&q-room-0-adults=1&q-room-0-children=0&sort-order=DISTANCE_FROM_LANDMARK,zYQABiIg3xoGFqNqNCAUWEgioaE=,src\main\resources\apiCache\hotels\zYQABiIg3xoGFqNqNCAUWEgioaE=.json
2016-12-31T07:04:56.357Z,https://www.hotels.com/search.do?q-destination=Ennis%2C+TX&q-check-in=2017-02-11&q-check-out=2017-02-13&q-rooms=1&q-room-0-adults=1&q-room-0-children=0&sort-order=DISTANCE_FROM_LANDMARK,nEww-YnwkH98f5DriJIIpxGsFhI=,src\main\resources\apiCache\hotels\nEww-YnwkH98f5DriJIIpxGsFhI=.json
2016-12-31T07:04:56.535Z,https://www.hotels.com/search.do?q-destination=Pepper+Pike%2C+OH&q-check-in=2017-03-05&q-check-out=2017-03-06&q-rooms=1&q-room-0-adults=1&q-room-0-children=0&sort-order=DISTANCE_FROM_LANDMARK,9G5-FP27l-9d1L1eBnWPs0glPF0=,src\main\resources\apiCache\hotels\9G5-FP27l-9d1L1eBnWPs0glPF0=.json
2016-12-31T07:04:56.917Z,https://www.hotels.com/search.do?q-destination=Kansas+City%2C+MO&q-check-in=2017-03-31&q-check-out=2017-04-03&q-rooms=1&q-room-0-adults=1&q-room-0-children=0&sort-order=DISTANCE_FROM_LANDMARK,JfyKTq9INNGE_GGZzuYh9tIPwJ8=,src\main\resources\apiCache\hotels\JfyKTq9INNGE_GGZzuYh9tIPwJ8=.json
2016-12-31T07:04:56.977Z,https://www.hotels.com/search.do?q-destination=Lancaster%2C+SC&q-check-in=2017-02-16&q-check-out=2017-02-23&q-rooms=1&q-room-0-adults=1&q-room-0-children=0&sort-order=DISTANCE_FROM_LANDMARK,UFTZjh2BaUtqBHrMVU5md9d_0ZM=,src\main\resources\apiCache\hotels\UFTZjh2BaUtqBHrMVU5md9d_0ZM=.json
2016-12-31T07:04:56.995Z,https://www.hotels.com/search.do?q-destination=Lawndale%2C+CA&q-check-in=2017-01-28&q-check-out=2017-02-05&q-rooms=1&q-room-0-adults=1&q-room-0-children=0&sort-order=DISTANCE_FROM_LANDMARK,4DAbUlUDTXqy5OkdMrIXAdfjR2Y=,src\main\resources\apiCache\hotels\4DAbUlUDTXqy5OkdMrIXAdfjR2Y=.json
2016-12-31T07:04:57.304Z,https://www.hotels.com/search.do?q-destination=Somerville%2C+MA&q-check-in=2017-02-28&q-check-out=2017-03-05&q-rooms=1&q-room-0-adults=1&q-room-0-children=0&sort-order=DISTANCE_FROM_LANDMARK,JOi_CL0C6no69Rg55OV1VV78lZg=,src\main\resources\apiCache\hotels\JOi_CL0C6no69Rg55OV1VV78lZg=.json
2016-12-31T07:04:57.604Z,https://www.hotels.com/search.do?q-destination=Camas%2C+WA&q-check-in=2017-01-25&q-check-out=2017-01-28&q-rooms=1&q-room-0-adults=1&q-room-0-children=0&sort-order=DISTANCE_FROM_LANDMARK,l446rSVQR4QR2w-_pZ3YE19jSGE=,src\main\resources\apiCache\hotels\l446rSVQR4QR2w-_pZ3YE19jSGE=.json
2016-12-31T07:04:58.021Z,https://www.hotels.com/search.do?q-destination=Hermiston%2C+OR&q-check-in=2017-01-24&q-check-out=2017-01-25&q-rooms=1&q-room-0-adults=1&q-room-0-children=0&sort-order=DISTANCE_FROM_LANDMARK,91voHv9xuhj9O0A0D5W5UdjRDxo=,src\main\resources\apiCache\hotels\91voHv9xuhj9O0A0D5W5UdjRDxo=.json
2016-12-31T07:04:58.100Z,https://www.hotels.com/search.do?q-destination=Lubbock%2C+TX&q-check-in=2017-02-05&q-check-out=2017-02-11&q-rooms=1&q-room-0-adults=1&q-room-0-children=0&sort-order=DISTANCE_FROM_LANDMARK,6HBtVgpBcP3nDNLItP-5HpaCyEA=,src\main\resources\apiCache\hotels\6HBtVgpBcP3nDNLItP-5HpaCyEA=.json
2016-12-31T07:04:58.415Z,https://www.hotels.com/search.do?q-destination=Elizabeth%2C+NJ&q-check-in=2017-02-23&q-check-out=2017-02-28&q-rooms=1&q-room-0-adults=1&q-room-0-children=0&sort-order=DISTANCE_FROM_LANDMARK,riEEaiMrYQxq0vPi9qpPAYsILDI=,src\main\resources\apiCache\hotels\riEEaiMrYQxq0vPi9qpPAYsILDI=.json
2016-12-31T07:04:58.498Z,https://www.hotels.com/search.do?q-destination=Palm+Beach%2C+FL&q-check-in=2017-02-15&q-check-out=2017-02-16&q-rooms=1&q-room-0-adults=1&q-room-0-children=0&sort-order=DISTANCE_FROM_LANDMARK,3NjGfDkXZw_SdsxyZ3RfnQ06oSs=,src\main\resources\apiCache\hotels\3NjGfDkXZw_SdsxyZ3RfnQ06oSs=.json
2016-12-31T07:05:01.279Z,https://maps.googleapis.com/maps/api/directions/json?origin=Cleveland%2C+TN&key=AIzaSyBrc16mMFU7w8Hyo7nFD6ny5SjeOapkY9Q&waypoints=optimize%3Atrue%7CSalem%2C+UT%7CLititz%2C+PA%7CNegaunee%2C+MI%7CMichigan+City%2C+IN%7CRogers%2C+MN%7COswego%2C+NY&destination=Cleveland%2C+TN,QTgF1kGjtJtD83F84LmFryLBWLY=,src\main\resources\apiCache\google\maps\directions\order\QTgF1kGjtJtD83F84LmFryLBWLY=.json
2016-12-31T07:05:01.988Z,https://www.hotels.com/search.do?q-destination=Oswego%2C+NY&q-check-in=2017-01-29&q-check-out=2017-02-02&q-rooms=2&q-room-0-adults=2&q-room-0-children=0&q-room-1-adults=2&q-room-1-children=0&sort-order=DISTANCE_FROM_LANDMARK,6d-ajzdR7bwJoKgwkDZqy_uCjrw=,src\main\resources\apiCache\hotels\6d-ajzdR7bwJoKgwkDZqy_uCjrw=.json
2016-12-31T07:05:02.024Z,https://www.hotels.com/search.do?q-destination=Lititz%2C+PA&q-check-in=2017-02-02&q-check-out=2017-02-08&q-rooms=2&q-room-0-adults=2&q-room-0-children=0&q-room-1-adults=2&q-room-1-children=0&sort-order=DISTANCE_FROM_LANDMARK,SFn2ayKrZVfq67ZjYfHjDvRdiBg=,src\main\resources\apiCache\hotels\SFn2ayKrZVfq67ZjYfHjDvRdiBg=.json
2016-12-31T07:05:02.106Z,https://www.hotels.com/search.do?q-destination=Rogers%2C+MN&q-check-in=2017-01-16&q-check-out=2017-01-24&q-rooms=2&q-room-0-adults=2&q-room-0-children=0&q-room-1-adults=2&q-room-1-children=0&sort-order=DISTANCE_FROM_LANDMARK,kCxLQEot0TjaqTD0Ga_1mxE_CoM=,src\main\resources\apiCache\hotels\kCxLQEot0TjaqTD0Ga_1mxE_CoM=.json
2016-12-31T07:05:02.261Z,https://www.hotels.com/search.do?q-destination=Michigan+City%2C+IN&q-check-in=2017-01-27&q-check-out=2017-01-29&q-rooms=2&q-room-0-adults=2&q-room-0-children=0&q-room-1-adults=2&q-room-1-children=0&sort-order=DISTANCE_FROM_LANDMARK,00xwUPqg8rwk7s8Sc90hQB4BAsk=,src\main\resources\apiCache\hotels\00xwUPqg8rwk7s8Sc90hQB4BAsk=.json
2016-12-31T07:05:02.791Z,https://www.hotels.com/search.do?q-destination=Negaunee%2C+MI&q-check-in=2017-01-24&q-check-out=2017-01-27&q-rooms=2&q-room-0-adults=2&q-room-0-children=0&q-room-1-adults=2&q-room-1-children=0&sort-order=DISTANCE_FROM_LANDMARK,C-ghmmVObvTIO8IKkYVag87J_Co=,src\main\resources\apiCache\hotels\C-ghmmVObvTIO8IKkYVag87J_Co=.json
2016-12-31T07:05:02.897Z,https://www.hotels.com/search.do?q-destination=Salem%2C+UT&q-check-in=2017-01-09&q-check-out=2017-01-16&q-rooms=2&q-room-0-adults=2&q-room-0-children=0&q-room-1-adults=2&q-room-1-children=0&sort-order=DISTANCE_FROM_LANDMARK,9YbEn99ZCtDgBTK_WnV5NnVpq0Q=,src\main\resources\apiCache\hotels\9YbEn99ZCtDgBTK_WnV5NnVpq0Q=.json
2016-12-31T07:05:05.072Z,https://maps.googleapis.com/maps/api/directions/json?origin=Conroe%2C+TX&key=AIzaSyBrc16mMFU7w8Hyo7nFD6ny5SjeOapkY9Q&waypoints=optimize%3Atrue%7CHot+Springs%2C+AR%7CRye+Brook%2C+NY%7CSturgeon+Bay%2C+WI%7CNorfolk%2C+NE%7CFairport%2C+NY%7CDuncanville%2C+TX%7CWake+Forest%2C+NC%7CClarksdale%2C+MS%7CConcord%2C+NH%7CClarksville%2C+IN%7CDunbar%2C+WV%7CCanal+Fulton%2C+OH%7CBeachwood%2C+OH%7CLouisville%2C+CO%7CDistrict+Heights%2C+MD%7CCentennial%2C+CO&destination=Conroe%2C+TX,P7ZPfaz48PRUW4vr_VfwnFx7mFM=,src\main\resources\apiCache\google\maps\directions\order\P7ZPfaz48PRUW4vr_VfwnFx7mFM=.json
2016-12-31T07:05:05.860Z,https://www.hotels.com/search.do?q-destination=Louisville%2C+CO&q-check-in=2017-03-07&q-check-out=2017-03-14&q-rooms=1&q-room-0-adults=1&q-room-0-children=0&sort-order=DISTANCE_FROM_LANDMARK,QXwgMzBDWvMl1hEHL3fsCPghJOU=,src\main\resources\apiCache\hotels\QXwgMzBDWvMl1hEHL3fsCPghJOU=.json
2016-12-31T07:05:06.174Z,https://www.hotels.com/search.do?q-destination=Centennial%2C+CO&q-check-in=2017-03-14&q-check-out=2017-03-19&q-rooms=1&q-room-0-adults=1&q-room-0-children=0&sort-order=DISTANCE_FROM_LANDMARK,Rcbk5E2dc2_oH0-lg-cnuwvlC64=,src\main\resources\apiCache\hotels\Rcbk5E2dc2_oH0-lg-cnuwvlC64=.json
2016-12-31T07:05:06.349Z,https://www.hotels.com/search.do?q-destination=Canal+Fulton%2C+OH&q-check-in=2017-02-26&q-check-out=2017-02-28&q-rooms=1&q-room-0-adults=1&q-room-0-children=0&sort-order=DISTANCE_FROM_LANDMARK,4R0ndhI5sbIL6Y0g4oYPgWmFxew=,src\main\resources\apiCache\hotels\4R0ndhI5sbIL6Y0g4oYPgWmFxew=.json
2016-12-31T07:05:06.554Z,https://www.hotels.com/search.do?q-destination=District+Heights%2C+MD&q-check-in=2017-02-09&q-check-out=2017-02-12&q-rooms=1&q-room-0-adults=1&q-room-0-children=0&sort-order=DISTANCE_FROM_LANDMARK,0YsVSmc7cELsbgwKy9L4mpafiZo=,src\main\resources\apiCache\hotels\0YsVSmc7cELsbgwKy9L4mpafiZo=.json
2016-12-31T07:05:06.656Z,https://www.hotels.com/search.do?q-destination=Norfolk%2C+NE&q-check-in=2017-03-06&q-check-out=2017-03-07&q-rooms=1&q-room-0-adults=1&q-room-0-children=0&sort-order=DISTANCE_FROM_LANDMARK,Vr3Cl9aFMr3ZCMs72D4HBqwaIrM=,src\main\resources\apiCache\hotels\Vr3Cl9aFMr3ZCMs72D4HBqwaIrM=.json
2016-12-31T07:05:07.075Z,https://www.hotels.com/search.do?q-destination=Duncanville%2C+TX&q-check-in=2017-03-19&q-check-out=2017-03-26&q-rooms=1&q-room-0-adults=1&q-room-0-children=0&sort-order=DISTANCE_FROM_LANDMARK,zU9NFEbSfau5U_xnGWZsLe2mA04=,src\main\resources\apiCache\hotels\zU9NFEbSfau5U_xnGWZsLe2mA04=.json
2016-12-31T07:05:07.316Z,https://www.hotels.com/search.do?q-destination=Wake+Forest%2C+NC&q-check-in=2017-02-03&q-check-out=2017-02-09&q-rooms=1&q-room-0-adults=1&q-room-0-children=0&sort-order=DISTANCE_FROM_LANDMARK,WeqWjqLeCex9gB2voyda0C6ADCo=,src\main\resources\apiCache\hotels\WeqWjqLeCex9gB2voyda0C6ADCo=.json
2016-12-31T07:05:07.477Z,https://www.hotels.com/search.do?q-destination=Beachwood%2C+OH&q-check-in=2017-02-25&q-check-out=2017-02-26&q-rooms=1&q-room-0-adults=1&q-room-0-children=0&sort-order=DISTANCE_FROM_LANDMARK,VXCmfu4wld2lhbBbEVVlwdNboEg=,src\main\resources\apiCache\hotels\VXCmfu4wld2lhbBbEVVlwdNboEg=.json
2016-12-31T07:05:07.764Z,https://www.hotels.com/search.do?q-destination=Sturgeon+Bay%2C+WI&q-check-in=2017-02-28&q-check-out=2017-03-06&q-rooms=1&q-room-0-adults=1&q-room-0-children=0&sort-order=DISTANCE_FROM_LANDMARK,YPcolRAO-lVXDHLwH_Mh02wNjSA=,src\main\resources\apiCache\hotels\YPcolRAO-lVXDHLwH_Mh02wNjSA=.json
2016-12-31T07:05:07.919Z,https://www.hotels.com/search.do?q-destination=Clarksville%2C+IN&q-check-in=2017-01-24&q-check-out=2017-01-31&q-rooms=1&q-room-0-adults=1&q-room-0-children=0&sort-order=DISTANCE_FROM_LANDMARK,t2wBc30v11XCov7GYhV4aKG76aY=,src\main\resources\apiCache\hotels\t2wBc30v11XCov7GYhV4aKG76aY=.json
2016-12-31T07:05:08.164Z,https://www.hotels.com/search.do?q-destination=Fairport%2C+NY&q-check-in=2017-02-24&q-check-out=2017-02-25&q-rooms=1&q-room-0-adults=1&q-room-0-children=0&sort-order=DISTANCE_FROM_LANDMARK,ZVnvoUH6drG6jQbD3n2CwX_7pgw=,src\main\resources\apiCache\hotels\ZVnvoUH6drG6jQbD3n2CwX_7pgw=.json
2016-12-31T07:05:08.348Z,https://www.hotels.com/search.do?q-destination=Concord%2C+NH&q-check-in=2017-02-17&q-check-out=2017-02-24&q-rooms=1&q-room-0-adults=1&q-room-0-children=0&sort-order=DISTANCE_FROM_LANDMARK,R1pJIqTeWc75siH34hUQC9SeTew=,src\main\resources\apiCache\hotels\R1pJIqTeWc75siH34hUQC9SeTew=.json
2016-12-31T07:05:08.364Z,https://www.hotels.com/search.do?q-destination=Clarksdale%2C+MS&q-check-in=2017-01-16&q-check-out=2017-01-24&q-rooms=1&q-room-0-adults=1&q-room-0-children=0&sort-order=DISTANCE_FROM_LANDMARK,b4wU03_db9YUy6w89Vj0d7Q0AjM=,src\main\resources\apiCache\hotels\b4wU03_db9YUy6w89Vj0d7Q0AjM=.json
2016-12-31T07:05:08.765Z,https://www.hotels.com/search.do?q-destination=Dunbar%2C+WV&q-check-in=2017-01-31&q-check-out=2017-02-03&q-rooms=1&q-room-0-adults=1&q-room-0-children=0&sort-order=DISTANCE_FROM_LANDMARK,LQQiZKIPSPdJK_owqSTvctyJMm0=,src\main\resources\apiCache\hotels\LQQiZKIPSPdJK_owqSTvctyJMm0=.json
2016-12-31T07:05:09.553Z,https://www.hotels.com/search.do?q-destination=Rye+Brook%2C+NY&q-check-in=2017-02-12&q-check-out=2017-02-17&q-rooms=1&q-room-0-adults=1&q-room-0-children=0&sort-order=DISTANCE_FROM_LANDMARK,-l0Lm0UlYmcZQaMSQA94oHXgTeA=,src\main\resources\apiCache\hotels\-l0Lm0UlYmcZQaMSQA94oHXgTeA=.json
2016-12-31T07:05:10.266Z,https://www.hotels.com/search.do?q-destination=Hot+Springs%2C+AR&q-check-in=2017-01-09&q-check-out=2017-01-16&q-rooms=1&q-room-0-adults=1&q-room-0-children=0&sort-order=DISTANCE_FROM_LANDMARK,iSgvetfp-rGSfb74Sl_bJyoV7Sw=,src\main\resources\apiCache\hotels\iSgvetfp-rGSfb74Sl_bJyoV7Sw=.json
2016-12-31T07:05:13.147Z,https://maps.googleapis.com/maps/api/directions/json?origin=Cottage+Grove%2C+OR&key=AIzaSyBrc16mMFU7w8Hyo7nFD6ny5SjeOapkY9Q&waypoints=optimize%3Atrue%7CMaywood%2C+CA%7CBonham%2C+TX%7CStorm+Lake%2C+IA%7CFort+Madison%2C+IA%7CWinchester%2C+IN%7CHays%2C+KS%7CRepublic%2C+MO%7CBartow%2C+FL%7CBreckenridge+Hills%2C+MO%7CBloomingdale%2C+IL%7CColdwater%2C+MI%7CLebanon%2C+NH%7CShelbyville%2C+IN%7CGillette%2C+WY%7CMilwaukie%2C+OR%7CPendleton%2C+OR&destination=Cottage+Grove%2C+OR,fAwhrSG3kidDYyQBmpMA-1s8HWU=,src\main\resources\apiCache\google\maps\directions\order\fAwhrSG3kidDYyQBmpMA-1s8HWU=.json
2016-12-31T07:05:14.120Z,https://www.hotels.com/search.do?q-destination=Gillette%2C+WY&q-check-in=2017-05-13&q-check-out=2017-05-16&q-rooms=1&q-room-0-adults=1&q-room-0-children=0&sort-order=DISTANCE_FROM_LANDMARK,-oe4HHKRLbfQE1PBCrEpUuqpI_s=,src\main\resources\apiCache\hotels\-oe4HHKRLbfQE1PBCrEpUuqpI_s=.json
2016-12-31T07:05:14.240Z,https://www.hotels.com/search.do?q-destination=Pendleton%2C+OR&q-check-in=2017-05-16&q-check-out=2017-05-24&q-rooms=1&q-room-0-adults=1&q-room-0-children=0&sort-order=DISTANCE_FROM_LANDMARK,AVzvUWWVLLKjvP_Cei5Ct480kxk=,src\main\resources\apiCache\hotels\AVzvUWWVLLKjvP_Cei5Ct480kxk=.json
2016-12-31T07:05:14.384Z,https://www.hotels.com/search.do?q-destination=Lebanon%2C+NH&q-check-in=2017-04-05&q-check-out=2017-04-10&q-rooms=1&q-room-0-adults=1&q-room-0-children=0&sort-order=DISTANCE_FROM_LANDMARK,lMoelPTfBkzrfK2j6WmG5EWWWd8=,src\main\resources\apiCache\hotels\lMoelPTfBkzrfK2j6WmG5EWWWd8=.json
2016-12-31T07:05:14.656Z,https://www.hotels.com/search.do?q-destination=Breckenridge+Hills%2C+MO&q-check-in=2017-04-29&q-check-out=2017-05-05&q-rooms=1&q-room-0-adults=1&q-room-0-children=0&sort-order=DISTANCE_FROM_LANDMARK,ALMHmEB6LL3e5ei5NdYBQnd6WrA=,src\main\resources\apiCache\hotels\ALMHmEB6LL3e5ei5NdYBQnd6WrA=.json
2016-12-31T07:05:14.836Z,https://www.hotels.com/search.do?q-destination=Storm+Lake%2C+IA&q-check-in=2017-05-11&q-check-out=2017-05-13&q-rooms=1&q-room-0-adults=1&q-room-0-children=0&sort-order=DISTANCE_FROM_LANDMARK,_GIkeFEdVbdFkfVFyg4Ywk_7buU=,src\main\resources\apiCache\hotels\_GIkeFEdVbdFkfVFyg4Ywk_7buU=.json
2016-12-31T07:05:15.005Z,https://www.hotels.com/search.do?q-destination=Milwaukie%2C+OR&q-check-in=2017-05-24&q-check-out=2017-05-27&q-rooms=1&q-room-0-adults=1&q-room-0-children=0&sort-order=DISTANCE_FROM_LANDMARK,iK0S_KZncYvBqAJJdZ7q0rHlCeU=,src\main\resources\apiCache\hotels\iK0S_KZncYvBqAJJdZ7q0rHlCeU=.json
2016-12-31T07:05:15.039Z,https://www.hotels.com/search.do?q-destination=Bartow%2C+FL&q-check-in=2017-04-04&q-check-out=2017-04-05&q-rooms=1&q-room-0-adults=1&q-room-0-children=0&sort-order=DISTANCE_FROM_LANDMARK,1-wbaZ22QVFIRVkEVvkOCDNeAqc=,src\main\resources\apiCache\hotels\1-wbaZ22QVFIRVkEVvkOCDNeAqc=.json
2016-12-31T07:05:15.613Z,https://www.hotels.com/search.do?q-destination=Fort+Madison%2C+IA&q-check-in=2017-05-05&q-check-out=2017-05-11&q-rooms=1&q-room-0-adults=1&q-room-0-children=0&sort-order=DISTANCE_FROM_LANDMARK,Bl5XrU8hq92Hjwri3-UwWdFVkN8=,src\main\resources\apiCache\hotels\Bl5XrU8hq92Hjwri3-UwWdFVkN8=.json
2016-12-31T07:05:15.846Z,https://www.hotels.com/search.do?q-destination=Winchester%2C+IN&q-check-in=2017-04-13&q-check-out=2017-04-17&q-rooms=1&q-room-0-adults=1&q-room-0-children=0&sort-order=DISTANCE_FROM_LANDMARK,AC0Vm68UtobBxGwR9AQ26F70NMM=,src\main\resources\apiCache\hotels\AC0Vm68UtobBxGwR9AQ26F70NMM=.json
2016-12-31T07:05:15.938Z,https://www.hotels.com/search.do?q-destination=Republic%2C+MO&q-check-in=2017-03-24&q-check-out=2017-04-01&q-rooms=1&q-room-0-adults=1&q-room-0-children=0&sort-order=DISTANCE_FROM_LANDMARK,_iUOlOnzCKYOlOiKef-8X-s7oQs=,src\main\resources\apiCache\hotels\_iUOlOnzCKYOlOiKef-8X-s7oQs=.json
2016-12-31T07:05:16.554Z,https://www.hotels.com/search.do?q-destination=Bloomingdale%2C+IL&q-check-in=2017-04-25&q-check-out=2017-04-29&q-rooms=1&q-room-0-adults=1&q-room-0-children=0&sort-order=DISTANCE_FROM_LANDMARK,T2M5GuPh1eYyaF8crIJXmt6nJAg=,src\main\resources\apiCache\hotels\T2M5GuPh1eYyaF8crIJXmt6nJAg=.json
2016-12-31T07:05:16.664Z,https://www.hotels.com/search.do?q-destination=Bonham%2C+TX&q-check-in=2017-04-01&q-check-out=2017-04-04&q-rooms=1&q-room-0-adults=1&q-room-0-children=0&sort-order=DISTANCE_FROM_LANDMARK,OV5c4A03BWYJPhLB2wP95W2C2ac=,src\main\resources\apiCache\hotels\OV5c4A03BWYJPhLB2wP95W2C2ac=.json
2016-12-31T07:05:16.776Z,https://www.hotels.com/search.do?q-destination=Hays%2C+KS&q-check-in=2017-03-17&q-check-out=2017-03-24&q-rooms=1&q-room-0-adults=1&q-room-0-children=0&sort-order=DISTANCE_FROM_LANDMARK,g7xkOE_ZUhcwszr96aSOCfyJzrc=,src\main\resources\apiCache\hotels\g7xkOE_ZUhcwszr96aSOCfyJzrc=.json
2016-12-31T07:05:16.795Z,https://www.hotels.com/search.do?q-destination=Coldwater%2C+MI&q-check-in=2017-04-10&q-check-out=2017-04-13&q-rooms=1&q-room-0-adults=1&q-room-0-children=0&sort-order=DISTANCE_FROM_LANDMARK,nqf7woad5uipU71H9n8u_JADlRA=,src\main\resources\apiCache\hotels\nqf7woad5uipU71H9n8u_JADlRA=.json
2016-12-31T07:05:17.160Z,https://www.hotels.com/search.do?q-destination=Shelbyville%2C+IN&q-check-in=2017-04-17&q-check-out=2017-04-25&q-rooms=1&q-room-0-adults=1&q-room-0-children=0&sort-order=DISTANCE_FROM_LANDMARK,VaO1_GFg1u-4NBt9eOgJBiuIqXk=,src\main\resources\apiCache\hotels\VaO1_GFg1u-4NBt9eOgJBiuIqXk=.json
2016-12-31T07:05:19.045Z,https://www.hotels.com/search.do?q-destination=Maywood%2C+CA&q-check-in=2017-03-14&q-check-out=2017-03-17&q-rooms=1&q-room-0-adults=1&q-room-0-children=0&sort-order=DISTANCE_FROM_LANDMARK,TQUqPLrn9V-6fiV9UgtZdKSCEd8=,src\main\resources\apiCache\hotels\TQUqPLrn9V-6fiV9UgtZdKSCEd8=.json
2016-12-31T07:05:21.571Z,https://maps.googleapis.com/maps/api/directions/json?origin=Upper+Arlington%2C+OH&key=AIzaSyBrc16mMFU7w8Hyo7nFD6ny5SjeOapkY9Q&waypoints=optimize%3Atrue%7CSunnyvale%2C+TX%7CGrapevine%2C+TX%7CWaverly+City%2C+OH%7CFernandina+Beach%2C+FL%7CCamas%2C+WA%7CSierra+Madre%2C+CA%7CRichland+Hills%2C+TX%7CFox+Chapel%2C+PA%7CSt.+Michael%2C+MN%7CYoungtown%2C+AZ%7CWashington%2C+MO%7CFreeport%2C+NY%7CEast+Rochester%2C+NY%7CEast+Point%2C+GA%7CWilmington%2C+IL%7CCoral+Gables%2C+FL%7CBlythe%2C+CA&destination=Upper+Arlington%2C+OH,qb4E_IJ6wdlaoMy8NKp3RaknGe0=,src\main\resources\apiCache\google\maps\directions\order\qb4E_IJ6wdlaoMy8NKp3RaknGe0=.json
2016-12-31T07:05:22.373Z,https://www.hotels.com/search.do?q-destination=Camas%2C+WA&q-check-in=2017-03-21&q-check-out=2017-03-23&q-rooms=1&q-room-0-adults=1&q-room-0-children=0&sort-order=DISTANCE_FROM_LANDMARK,uZnDSEbCTuY2bS2P9uERLCOy3aE=,src\main\resources\apiCache\hotels\uZnDSEbCTuY2bS2P9uERLCOy3aE=.json
2016-12-31T07:05:22.549Z,https://www.hotels.com/search.do?q-destination=Grapevine%2C+TX&q-check-in=2017-02-26&q-check-out=2017-03-03&q-rooms=1&q-room-0-adults=1&q-room-0-children=0&sort-order=DISTANCE_FROM_LANDMARK,BmKC-JOA4vGdX8zCRmFF0Nmi4h8=,src\main\resources\apiCache\hotels\BmKC-JOA4vGdX8zCRmFF0Nmi4h8=.json
2016-12-31T07:05:22.696Z,https://www.hotels.com/search.do?q-destination=East+Rochester%2C+NY&q-check-in=2017-04-08&q-check-out=2017-04-12&q-rooms=1&q-room-0-adults=1&q-room-0-children=0&sort-order=DISTANCE_FROM_LANDMARK,a07eawK9WU1M-oVJ_Md2-nRMbZE=,src\main\resources\apiCache\hotels\a07eawK9WU1M-oVJ_Md2-nRMbZE=.json
2016-12-31T07:05:23.323Z,https://www.hotels.com/search.do?q-destination=Sunnyvale%2C+TX&q-check-in=2017-02-24&q-check-out=2017-02-26&q-rooms=1&q-room-0-adults=1&q-room-0-children=0&sort-order=DISTANCE_FROM_LANDMARK,UBEEz_9l7eWF_xtPgo-ru8DbsYU=,src\main\resources\apiCache\hotels\UBEEz_9l7eWF_xtPgo-ru8DbsYU=.json
2016-12-31T07:05:23.741Z,https://www.hotels.com/search.do?q-destination=Sierra+Madre%2C+CA&q-check-in=2017-03-16&q-check-out=2017-03-21&q-rooms=1&q-room-0-adults=1&q-room-0-children=0&sort-order=DISTANCE_FROM_LANDMARK,PDk2kNIJ83UW2nPHdudX2WiST3Y=,src\main\resources\apiCache\hotels\PDk2kNIJ83UW2nPHdudX2WiST3Y=.json
2016-12-31T07:05:23.810Z,https://www.hotels.com/search.do?q-destination=Fox+Chapel%2C+PA&q-check-in=2017-04-13&q-check-out=2017-04-19&q-rooms=1&q-room-0-adults=1&q-room-0-children=0&sort-order=DISTANCE_FROM_LANDMARK,TgQSJ-mXnfOnoJ_pAbs-915R9BU=,src\main\resources\apiCache\hotels\TgQSJ-mXnfOnoJ_pAbs-915R9BU=.json
2016-12-31T07:05:24.168Z,https://www.hotels.com/search.do?q-destination=Youngtown%2C+AZ&q-check-in=2017-03-07&q-check-out=2017-03-11&q-rooms=1&q-room-0-adults=1&q-room-0-children=0&sort-order=DISTANCE_FROM_LANDMARK,kznjrKrJ16rAVPLX2lbhSUNda74=,src\main\resources\apiCache\hotels\kznjrKrJ16rAVPLX2lbhSUNda74=.json
2016-12-31T07:05:24.283Z,https://www.hotels.com/search.do?q-destination=St.+Michael%2C+MN&q-check-in=2017-03-23&q-check-out=2017-03-29&q-rooms=1&q-room-0-adults=1&q-room-0-children=0&sort-order=DISTANCE_FROM_LANDMARK,tIczHvrz65VdEW7mqwFONw_MPpE=,src\main\resources\apiCache\hotels\tIczHvrz65VdEW7mqwFONw_MPpE=.json
2016-12-31T07:05:24.761Z,https://www.hotels.com/search.do?q-destination=Blythe%2C+CA&q-check-in=2017-03-11&q-check-out=2017-03-16&q-rooms=1&q-room-0-adults=1&q-room-0-children=0&sort-order=DISTANCE_FROM_LANDMARK,VeM_u2CHlnT-GoZL8SRXbCC15Sw=,src\main\resources\apiCache\hotels\VeM_u2CHlnT-GoZL8SRXbCC15Sw=.json
2016-12-31T07:05:24.918Z,https://www.hotels.com/search.do?q-destination=Wilmington%2C+IL&q-check-in=2017-04-04&q-check-out=2017-04-08&q-rooms=1&q-room-0-adults=1&q-room-0-children=0&sort-order=DISTANCE_FROM_LANDMARK,CkvZONYV_8lvewOz9RE8pFORqmw=,src\main\resources\apiCache\hotels\CkvZONYV_8lvewOz9RE8pFORqmw=.json
2016-12-31T07:05:24.980Z,https://www.hotels.com/search.do?q-destination=Richland+Hills%2C+TX&q-check-in=2017-03-03&q-check-out=2017-03-07&q-rooms=1&q-room-0-adults=1&q-room-0-children=0&sort-order=DISTANCE_FROM_LANDMARK,6UZlwPjb-2uZ8U3nO3s3x-rHARk=,src\main\resources\apiCache\hotels\6UZlwPjb-2uZ8U3nO3s3x-rHARk=.json
2016-12-31T07:05:25.062Z,https://www.hotels.com/search.do?q-destination=Freeport%2C+NY&q-check-in=2017-04-12&q-check-out=2017-04-13&q-rooms=1&q-room-0-adults=1&q-room-0-children=0&sort-order=DISTANCE_FROM_LANDMARK,Nk14OW097gDxuqljd2H-orP_fNY=,src\main\resources\apiCache\hotels\Nk14OW097gDxuqljd2H-orP_fNY=.json
2016-12-31T07:05:25.716Z,https://www.hotels.com/search.do?q-destination=Coral+Gables%2C+FL&q-check-in=2017-02-11&q-check-out=2017-02-17&q-rooms=1&q-room-0-adults=1&q-room-0-children=0&sort-order=DISTANCE_FROM_LANDMARK,-bpGt5zrXoXJXTszRBQUhLdXKwk=,src\main\resources\apiCache\hotels\-bpGt5zrXoXJXTszRBQUhLdXKwk=.json
2016-12-31T07:05:25.882Z,https://www.hotels.com/search.do?q-destination=Waverly+City%2C+OH&q-check-in=2017-02-02&q-check-out=2017-02-08&q-rooms=1&q-room-0-adults=1&q-room-0-children=0&sort-order=DISTANCE_FROM_LANDMARK,wuR1rOdhy8V-PSqwVrlbEhyNtQg=,src\main\resources\apiCache\hotels\wuR1rOdhy8V-PSqwVrlbEhyNtQg=.json
2016-12-31T07:05:26.097Z,https://www.hotels.com/search.do?q-destination=Washington%2C+MO&q-check-in=2017-03-29&q-check-out=2017-04-04&q-rooms=1&q-room-0-adults=1&q-room-0-children=0&sort-order=DISTANCE_FROM_LANDMARK,rM8D8jmM9vfdlHBEmXve5tRaDoc=,src\main\resources\apiCache\hotels\rM8D8jmM9vfdlHBEmXve5tRaDoc=.json
2016-12-31T07:05:26.130Z,https://www.hotels.com/search.do?q-destination=Fernandina+Beach%2C+FL&q-check-in=2017-02-08&q-check-out=2017-02-11&q-rooms=1&q-room-0-adults=1&q-room-0-children=0&sort-order=DISTANCE_FROM_LANDMARK,TewYJOIRR_hQdMFDyTocjJXSap0=,src\main\resources\apiCache\hotels\TewYJOIRR_hQdMFDyTocjJXSap0=.json
2016-12-31T07:05:26.678Z,https://www.hotels.com/search.do?q-destination=East+Point%2C+GA&q-check-in=2017-02-17&q-check-out=2017-02-24&q-rooms=1&q-room-0-adults=1&q-room-0-children=0&sort-order=DISTANCE_FROM_LANDMARK,wWKob7OYayQAr7MNhklljQXGvhA=,src\main\resources\apiCache\hotels\wWKob7OYayQAr7MNhklljQXGvhA=.json
2016-12-31T07:05:29.580Z,https://maps.googleapis.com/maps/api/directions/json?origin=Spanish+Fork%2C+UT&key=AIzaSyBrc16mMFU7w8Hyo7nFD6ny5SjeOapkY9Q&waypoints=optimize%3Atrue%7CFarragut%2C+TN%7CVineland%2C+NJ%7CFox+Lake%2C+IL&destination=Spanish+Fork%2C+UT,dsPrPVFcnD96wHCO6K81oIBtGRc=,src\main\resources\apiCache\google\maps\directions\order\dsPrPVFcnD96wHCO6K81oIBtGRc=.json
2016-12-31T07:05:30.600Z,https://www.hotels.com/search.do?q-destination=Vineland%2C+NJ&q-check-in=2017-02-13&q-check-out=2017-02-20&q-rooms=2&q-room-0-adults=2&q-room-0-children=0&q-room-1-adults=1&q-room-1-children=0&sort-order=DISTANCE_FROM_LANDMARK,Uqap55xuo6AEQn6ZVTOEAonsiOU=,src\main\resources\apiCache\hotels\Uqap55xuo6AEQn6ZVTOEAonsiOU=.json
2016-12-31T07:05:30.642Z,https://www.hotels.com/search.do?q-destination=Fox+Lake%2C+IL&q-check-in=2017-02-08&q-check-out=2017-02-13&q-rooms=2&q-room-0-adults=2&q-room-0-children=0&q-room-1-adults=1&q-room-1-children=0&sort-order=DISTANCE_FROM_LANDMARK,_j1UKiIlCG3vskHkpX7znoShzqo=,src\main\resources\apiCache\hotels\_j1UKiIlCG3vskHkpX7znoShzqo=.json
2016-12-31T07:05:31.406Z,https://www.hotels.com/search.do?q-destination=Farragut%2C+TN&q-check-in=2017-02-20&q-check-out=2017-02-24&q-rooms=2&q-room-0-adults=2&q-room-0-children=0&q-room-1-adults=1&q-room-1-children=0&sort-order=DISTANCE_FROM_LANDMARK,eDJkiLEm0rZ5cGQNS30qwF0BZeo=,src\main\resources\apiCache\hotels\eDJkiLEm0rZ5cGQNS30qwF0BZeo=.json
2016-12-31T07:05:33.751Z,https://maps.googleapis.com/maps/api/directions/json?origin=Vienna%2C+WV&key=AIzaSyBrc16mMFU7w8Hyo7nFD6ny5SjeOapkY9Q&waypoints=optimize%3Atrue%7CDe+Queen%2C+AR%7CGlendora%2C+CA%7CCanal+Winchester%2C+OH%7CSandusky%2C+OH%7CBridgeport%2C+CT%7CConroe%2C+TX%7CChanute%2C+KS%7CWilliston%2C+ND%7CLa+Quinta%2C+CA%7CFlorissant%2C+MO%7CAnderson%2C+SC%7CLake+Elmo%2C+MN%7CHillsboro%2C+IL%7COpelika%2C+AL%7CGalt%2C+CA%7COcean+Springs%2C+MS%7CJamesburg%2C+NJ&destination=Vienna%2C+WV,ykHMMXEyt-gYfNVmdODQG9nHotE=,src\main\resources\apiCache\google\maps\directions\order\ykHMMXEyt-gYfNVmdODQG9nHotE=.json
2016-12-31T07:05:34.430Z,https://www.hotels.com/search.do?q-destination=Florissant%2C+MO&q-check-in=2017-02-06&q-check-out=2017-02-08&q-rooms=2&q-room-0-adults=2&q-room-0-children=0&q-room-1-adults=2&q-room-1-children=0&sort-order=DISTANCE_FROM_LANDMARK,sb3_sMO5lwZk1zi9wZEgGxDZexg=,src\main\resources\apiCache\hotels\sb3_sMO5lwZk1zi9wZEgGxDZexg=.json
2016-12-31T07:05:34.524Z,https://www.hotels.com/search.do?q-destination=Galt%2C+CA&q-check-in=2017-02-22&q-check-out=2017-02-28&q-rooms=2&q-room-0-adults=2&q-room-0-children=0&q-room-1-adults=2&q-room-1-children=0&sort-order=DISTANCE_FROM_LANDMARK,SWn3EVUcsiUt9Oh7DNoVOvz4WTw=,src\main\resources\apiCache\hotels\SWn3EVUcsiUt9Oh7DNoVOvz4WTw=.json
2016-12-31T07:05:34.555Z,https://www.hotels.com/search.do?q-destination=Hillsboro%2C+IL&q-check-in=2017-02-03&q-check-out=2017-02-06&q-rooms=2&q-room-0-adults=2&q-room-0-children=0&q-room-1-adults=2&q-room-1-children=0&sort-order=DISTANCE_FROM_LANDMARK,6PbHlKIbWBmIqI_F2bECx-iBmeA=,src\main\resources\apiCache\hotels\6PbHlKIbWBmIqI_F2bECx-iBmeA=.json
2016-12-31T07:05:34.770Z,https://www.hotels.com/search.do?q-destination=Conroe%2C+TX&q-check-in=2017-03-17&q-check-out=2017-03-24&q-rooms=2&q-room-0-adults=2&q-room-0-children=0&q-room-1-adults=2&q-room-1-children=0&sort-order=DISTANCE_FROM_LANDMARK,hspoxFUpbScNto9jQmNyIaLsoeY=,src\main\resources\apiCache\hotels\hspoxFUpbScNto9jQmNyIaLsoeY=.json
2016-12-31T07:05:35.162Z,https://www.hotels.com/search.do?q-destination=Lake+Elmo%2C+MN&q-check-in=2017-02-08&q-check-out=2017-02-16&q-rooms=2&q-room-0-adults=2&q-room-0-children=0&q-room-1-adults=2&q-room-1-children=0&sort-order=DISTANCE_FROM_LANDMARK,y5u9hOiRveOopeVnFXbJcX4wagA=,src\main\resources\apiCache\hotels\y5u9hOiRveOopeVnFXbJcX4wagA=.json
2016-12-31T07:05:35.245Z,https://www.hotels.com/search.do?q-destination=Canal+Winchester%2C+OH&q-check-in=2017-02-02&q-check-out=2017-02-03&q-rooms=2&q-room-0-adults=2&q-room-0-children=0&q-room-1-adults=2&q-room-1-children=0&sort-order=DISTANCE_FROM_LANDMARK,w1y1hU1Pk3dElj2XfipWGg44nok=,src\main\resources\apiCache\hotels\w1y1hU1Pk3dElj2XfipWGg44nok=.json
2016-12-31T07:05:35.327Z,https://www.hotels.com/search.do?q-destination=Williston%2C+ND&q-check-in=2017-02-16&q-check-out=2017-02-22&q-rooms=2&q-room-0-adults=2&q-room-0-children=0&q-room-1-adults=2&q-room-1-children=0&sort-order=DISTANCE_FROM_LANDMARK,2ZvgYXIra9oBxrsDEaaaPSYupMo=,src\main\resources\apiCache\hotels\2ZvgYXIra9oBxrsDEaaaPSYupMo=.json
2016-12-31T07:05:35.471Z,https://www.hotels.com/search.do?q-destination=Ocean+Springs%2C+MS&q-check-in=2017-03-24&q-check-out=2017-03-29&q-rooms=2&q-room-0-adults=2&q-room-0-children=0&q-room-1-adults=2&q-room-1-children=0&sort-order=DISTANCE_FROM_LANDMARK,6mn46XhpJvCmxtKHLIWTL2xVCsY=,src\main\resources\apiCache\hotels\6mn46XhpJvCmxtKHLIWTL2xVCsY=.json
2016-12-31T07:05:36.024Z,https://www.hotels.com/search.do?q-destination=De+Queen%2C+AR&q-check-in=2017-03-11&q-check-out=2017-03-17&q-rooms=2&q-room-0-adults=2&q-room-0-children=0&q-room-1-adults=2&q-room-1-children=0&sort-order=DISTANCE_FROM_LANDMARK,sMoKMVvZ-UFb3vNHO7S2pgAXAp0=,src\main\resources\apiCache\hotels\sMoKMVvZ-UFb3vNHO7S2pgAXAp0=.json
2016-12-31T07:05:36.156Z,https://www.hotels.com/search.do?q-destination=Jamesburg%2C+NJ&q-check-in=2017-04-11&q-check-out=2017-04-16&q-rooms=2&q-room-0-adults=2&q-room-0-children=0&q-room-1-adults=2&q-room-1-children=0&sort-order=DISTANCE_FROM_LANDMARK,a1_NL9zbr_spzBz0GsGymQSZ9hs=,src\main\resources\apiCache\hotels\a1_NL9zbr_spzBz0GsGymQSZ9hs=.json
2016-12-31T07:05:36.172Z,https://www.hotels.com/search.do?q-destination=La+Quinta%2C+CA&q-check-in=2017-03-03&q-check-out=2017-03-05&q-rooms=2&q-room-0-adults=2&q-room-0-children=0&q-room-1-adults=2&q-room-1-children=0&sort-order=DISTANCE_FROM_LANDMARK,AzJBejzWSUxotKMdhu5vfBh9zxc=,src\main\resources\apiCache\hotels\AzJBejzWSUxotKMdhu5vfBh9zxc=.json
2016-12-31T07:05:36.394Z,https://www.hotels.com/search.do?q-destination=Anderson%2C+SC&q-check-in=2017-04-06&q-check-out=2017-04-11&q-rooms=2&q-room-0-adults=2&q-room-0-children=0&q-room-1-adults=2&q-room-1-children=0&sort-order=DISTANCE_FROM_LANDMARK,9GzYrWBDDmKnP2pZTTIodetOYBQ=,src\main\resources\apiCache\hotels\9GzYrWBDDmKnP2pZTTIodetOYBQ=.json
2016-12-31T07:05:36.655Z,https://www.hotels.com/search.do?q-destination=Chanute%2C+KS&q-check-in=2017-03-05&q-check-out=2017-03-11&q-rooms=2&q-room-0-adults=2&q-room-0-children=0&q-room-1-adults=2&q-room-1-children=0&sort-order=DISTANCE_FROM_LANDMARK,IdWx6hXprfn1bT6og9ygQzevphI=,src\main\resources\apiCache\hotels\IdWx6hXprfn1bT6og9ygQzevphI=.json
2016-12-31T07:05:36.998Z,https://www.hotels.com/search.do?q-destination=Sandusky%2C+OH&q-check-in=2017-04-24&q-check-out=2017-04-28&q-rooms=2&q-room-0-adults=2&q-room-0-children=0&q-room-1-adults=2&q-room-1-children=0&sort-order=DISTANCE_FROM_LANDMARK,tnd68X5rvDx6YuPxe8hWR4fhLD8=,src\main\resources\apiCache\hotels\tnd68X5rvDx6YuPxe8hWR4fhLD8=.json
2016-12-31T07:05:37.124Z,https://www.hotels.com/search.do?q-destination=Glendora%2C+CA&q-check-in=2017-02-28&q-check-out=2017-03-03&q-rooms=2&q-room-0-adults=2&q-room-0-children=0&q-room-1-adults=2&q-room-1-children=0&sort-order=DISTANCE_FROM_LANDMARK,yFWsHbeo9ASZDqtRkPf0lAp30nY=,src\main\resources\apiCache\hotels\yFWsHbeo9ASZDqtRkPf0lAp30nY=.json
2016-12-31T07:05:37.397Z,https://www.hotels.com/search.do?q-destination=Opelika%2C+AL&q-check-in=2017-03-29&q-check-out=2017-04-06&q-rooms=2&q-room-0-adults=2&q-room-0-children=0&q-room-1-adults=2&q-room-1-children=0&sort-order=DISTANCE_FROM_LANDMARK,YeTKOJklNVYsamAfr1ENffS3JgM=,src\main\resources\apiCache\hotels\YeTKOJklNVYsamAfr1ENffS3JgM=.json
2016-12-31T07:05:37.478Z,https://www.hotels.com/search.do?q-destination=Bridgeport%2C+CT&q-check-in=2017-04-16&q-check-out=2017-04-24&q-rooms=2&q-room-0-adults=2&q-room-0-children=0&q-room-1-adults=2&q-room-1-children=0&sort-order=DISTANCE_FROM_LANDMARK,MAKs13w0RmQmJ-gqLlWhHAzElqE=,src\main\resources\apiCache\hotels\MAKs13w0RmQmJ-gqLlWhHAzElqE=.json
2016-12-31T07:05:39.794Z,https://maps.googleapis.com/maps/api/directions/json?origin=Eloy%2C+AZ&key=AIzaSyBrc16mMFU7w8Hyo7nFD6ny5SjeOapkY9Q&waypoints=optimize%3Atrue%7CEffingham%2C+IL%7CBelgrade%2C+MT%7CHarvey%2C+IL%7CWesterville%2C+OH%7CTuscaloosa%2C+AL%7CDanielson%2C+CT%7CAnamosa%2C+IA%7CMena%2C+AR%7CRiverbank%2C+CA%7CLemoore%2C+CA%7CRochelle%2C+IL%7CShafter%2C+CA&destination=Eloy%2C+AZ,OdyXQurvBJb0bg16ni2ciCbMT74=,src\main\resources\apiCache\google\maps\directions\order\OdyXQurvBJb0bg16ni2ciCbMT74=.json
2016-12-31T07:05:40.422Z,https://www.hotels.com/search.do?q-destination=Lemoore%2C+CA&q-check-in=2017-01-26&q-check-out=2017-01-30&q-rooms=1&q-room-0-adults=1&q-room-0-children=0&sort-order=DISTANCE_FROM_LANDMARK,kQSbN_lBkTm8GfJtnX5fJOYa7zA=,src\main\resources\apiCache\hotels\kQSbN_lBkTm8GfJtnX5fJOYa7zA=.json
2016-12-31T07:05:40.627Z,https://www.hotels.com/search.do?q-destination=Effingham%2C+IL&q-check-in=2017-02-19&q-check-out=2017-02-26&q-rooms=1&q-room-0-adults=1&q-room-0-children=0&sort-order=DISTANCE_FROM_LANDMARK,PLrKBex83TMgBtAPcSND7q2vYII=,src\main\resources\apiCache\hotels\PLrKBex83TMgBtAPcSND7q2vYII=.json
2016-12-31T07:05:40.691Z,https://www.hotels.com/search.do?q-destination=Belgrade%2C+MT&q-check-in=2017-02-05&q-check-out=2017-02-07&q-rooms=1&q-room-0-adults=1&q-room-0-children=0&sort-order=DISTANCE_FROM_LANDMARK,1fj3EBvO77MtluOt7B18qstbnZ4=,src\main\resources\apiCache\hotels\1fj3EBvO77MtluOt7B18qstbnZ4=.json
2016-12-31T07:05:41.184Z,https://www.hotels.com/search.do?q-destination=Tuscaloosa%2C+AL&q-check-in=2017-03-08&q-check-out=2017-03-12&q-rooms=1&q-room-0-adults=1&q-room-0-children=0&sort-order=DISTANCE_FROM_LANDMARK,yD3IE3fB3V9N-jbnFPZJd_Wf3ho=,src\main\resources\apiCache\hotels\yD3IE3fB3V9N-jbnFPZJd_Wf3ho=.json
2016-12-31T07:05:41.228Z,https://www.hotels.com/search.do?q-destination=Riverbank%2C+CA&q-check-in=2017-01-30&q-check-out=2017-02-05&q-rooms=1&q-room-0-adults=1&q-room-0-children=0&sort-order=DISTANCE_FROM_LANDMARK,XlrBwVqeAcqm0hod58OsVh44tV8=,src\main\resources\apiCache\hotels\XlrBwVqeAcqm0hod58OsVh44tV8=.json
2016-12-31T07:05:41.325Z,https://www.hotels.com/search.do?q-destination=Westerville%2C+OH&q-check-in=2017-02-26&q-check-out=2017-03-06&q-rooms=1&q-room-0-adults=1&q-room-0-children=0&sort-order=DISTANCE_FROM_LANDMARK,V79yQ7Fuog6Rob98Zan9AiK20OQ=,src\main\resources\apiCache\hotels\V79yQ7Fuog6Rob98Zan9AiK20OQ=.json
2016-12-31T07:05:41.450Z,https://www.hotels.com/search.do?q-destination=Rochelle%2C+IL&q-check-in=2017-02-09&q-check-out=2017-02-11&q-rooms=1&q-room-0-adults=1&q-room-0-children=0&sort-order=DISTANCE_FROM_LANDMARK,HECO8HXLevLSjYrbmmB__Vm_8tM=,src\main\resources\apiCache\hotels\HECO8HXLevLSjYrbmmB__Vm_8tM=.json
2016-12-31T07:05:41.749Z,https://www.hotels.com/search.do?q-destination=Mena%2C+AR&q-check-in=2017-03-12&q-check-out=2017-03-16&q-rooms=1&q-room-0-adults=1&q-room-0-children=0&sort-order=DISTANCE_FROM_LANDMARK,cdRkzm4lTl7OrdBJ074VWkk-c7M=,src\main\resources\apiCache\hotels\cdRkzm4lTl7OrdBJ074VWkk-c7M=.json
2016-12-31T07:05:42.036Z,https://www.hotels.com/search.do?q-destination=Shafter%2C+CA&q-check-in=2017-01-18&q-check-out=2017-01-26&q-rooms=1&q-room-0-adults=1&q-room-0-children=0&sort-order=DISTANCE_FROM_LANDMARK,EVgjnjmhmSmxw1nA7PaH_js3gyk=,src\main\resources\apiCache\hotels\EVgjnjmhmSmxw1nA7PaH_js3gyk=.json
2016-12-31T07:05:42.244Z,https://www.hotels.com/search.do?q-destination=Anamosa%2C+IA&q-check-in=2017-02-07&q-check-out=2017-02-09&q-rooms=1&q-room-0-adults=1&q-room-0-children=0&sort-order=DISTANCE_FROM_LANDMARK,pGN8hOG7Im0P6f8t-fjEMLzvnR8=,src\main\resources\apiCache\hotels\pGN8hOG7Im0P6f8t-fjEMLzvnR8=.json
2016-12-31T07:05:42.428Z,https://www.hotels.com/search.do?q-destination=Harvey%2C+IL&q-check-in=2017-02-11&q-check-out=2017-02-19&q-rooms=1&q-room-0-adults=1&q-room-0-children=0&sort-order=DISTANCE_FROM_LANDMARK,BLKi3A_-RRAKi_jxiWNw6aZ1aCk=,src\main\resources\apiCache\hotels\BLKi3A_-RRAKi_jxiWNw6aZ1aCk=.json
2016-12-31T07:05:42.711Z,https://www.hotels.com/search.do?q-destination=Danielson%2C+CT&q-check-in=2017-03-06&q-check-out=2017-03-08&q-rooms=1&q-room-0-adults=1&q-room-0-children=0&sort-order=DISTANCE_FROM_LANDMARK,vvjU61-XUy1EbgkV1MikdbKW_Fg=,src\main\resources\apiCache\hotels\vvjU61-XUy1EbgkV1MikdbKW_Fg=.json
2016-12-31T07:05:45.542Z,https://maps.googleapis.com/maps/api/directions/json?origin=Cleveland+Heights%2C+OH&key=AIzaSyBrc16mMFU7w8Hyo7nFD6ny5SjeOapkY9Q&waypoints=optimize%3Atrue%7CWashington%2C+IN%7CConroe%2C+TX%7CCampbell%2C+CA%7CCherokee+Village%2C+AR%7CFort+Worth%2C+TX%7CSeminole%2C+FL%7CHelena%2C+MT%7CArdmore%2C+OK%7CMendham%2C+NJ%7CSavannah%2C+MO%7CMountlake+Terrace%2C+WA%7CGlennville%2C+GA%7CMidway%2C+NC%7CRichton+Park%2C+IL&destination=Cleveland+Heights%2C+OH,3lUGnO3OhQxy-byuYlz8_CLG5U4=,src\main\resources\apiCache\google\maps\directions\order\3lUGnO3OhQxy-byuYlz8_CLG5U4=.json
2016-12-31T07:05:46.170Z,https://www.hotels.com/search.do?q-destination=Washington%2C+IN&q-check-in=2017-03-28&q-check-out=2017-04-04&q-rooms=1&q-room-0-adults=2&q-room-0-children=0&sort-order=DISTANCE_FROM_LANDMARK,1Ppyh1v60HUVccwvktAQF7Gfjn8=,src\main\resources\apiCache\hotels\1Ppyh1v60HUVccwvktAQF7Gfjn8=.json
2016-12-31T07:05:46.215Z,https://www.hotels.com/search.do?q-destination=Helena%2C+MT&q-check-in=2017-04-11&q-check-out=2017-04-14&q-rooms=1&q-room-0-adults=2&q-room-0-children=0&sort-order=DISTANCE_FROM_LANDMARK,0bGpT9S2zq1OZvToEJi1QaJX_x0=,src\main\resources\apiCache\hotels\0bGpT9S2zq1OZvToEJi1QaJX_x0=.json
2016-12-31T07:05:46.598Z,https://www.hotels.com/search.do?q-destination=Midway%2C+NC&q-check-in=2017-05-20&q-check-out=2017-05-25&q-rooms=1&q-room-0-adults=2&q-room-0-children=0&sort-order=DISTANCE_FROM_LANDMARK,uk7V3f0LcGPDcFuuBq5FWt_9394=,src\main\resources\apiCache\hotels\uk7V3f0LcGPDcFuuBq5FWt_9394=.json
2016-12-31T07:05:46.948Z,https://www.hotels.com/search.do?q-destination=Fort+Worth%2C+TX&q-check-in=2017-04-22&q-check-out=2017-04-30&q-rooms=1&q-room-0-adults=2&q-room-0-children=0&sort-order=DISTANCE_FROM_LANDMARK,lwObQajZDfH5l-YWnLOV9DcYZfw=,src\main\resources\apiCache\hotels\lwObQajZDfH5l-YWnLOV9DcYZfw=.json
2016-12-31T07:05:47.064Z,https://www.hotels.com/search.do?q-destination=Cherokee+Village%2C+AR&q-check-in=2017-04-04&q-check-out=2017-04-07&q-rooms=1&q-room-0-adults=2&q-room-0-children=0&sort-order=DISTANCE_FROM_LANDMARK,x5JK7MSPLWqoMMO1-I-ye9xL9IA=,src\main\resources\apiCache\hotels\x5JK7MSPLWqoMMO1-I-ye9xL9IA=.json
2016-12-31T07:05:47.563Z,https://www.hotels.com/search.do?q-destination=Savannah%2C+MO&q-check-in=2017-04-07&q-check-out=2017-04-11&q-rooms=1&q-room-0-adults=2&q-room-0-children=0&sort-order=DISTANCE_FROM_LANDMARK,baysg3y8sWg1qiZ4EsgPZn7HOss=,src\main\resources\apiCache\hotels\baysg3y8sWg1qiZ4EsgPZn7HOss=.json
2016-12-31T07:05:47.769Z,https://www.hotels.com/search.do?q-destination=Mendham%2C+NJ&q-check-in=2017-05-25&q-check-out=2017-05-28&q-rooms=1&q-room-0-adults=2&q-room-0-children=0&sort-order=DISTANCE_FROM_LANDMARK,9o6Xi2dbi11wqJC9-089gLUwzOI=,src\main\resources\apiCache\hotels\9o6Xi2dbi11wqJC9-089gLUwzOI=.json
2016-12-31T07:05:48.280Z,https://www.hotels.com/search.do?q-destination=Richton+Park%2C+IL&q-check-in=2017-03-23&q-check-out=2017-03-28&q-rooms=1&q-room-0-adults=2&q-room-0-children=0&sort-order=DISTANCE_FROM_LANDMARK,ZoLQ57KgMxonpSZBTL962-JsJ2o=,src\main\resources\apiCache\hotels\ZoLQ57KgMxonpSZBTL962-JsJ2o=.json
2016-12-31T07:05:48.351Z,https://www.hotels.com/search.do?q-destination=Glennville%2C+GA&q-check-in=2017-05-13&q-check-out=2017-05-20&q-rooms=1&q-room-0-adults=2&q-room-0-children=0&sort-order=DISTANCE_FROM_LANDMARK,LXVC8jXx3vaHAGtBYJZeXHV7sbk=,src\main\resources\apiCache\hotels\LXVC8jXx3vaHAGtBYJZeXHV7sbk=.json
2016-12-31T07:05:48.373Z,https://www.hotels.com/search.do?q-destination=Conroe%2C+TX&q-check-in=2017-04-30&q-check-out=2017-05-05&q-rooms=1&q-room-0-adults=2&q-room-0-children=0&sort-order=DISTANCE_FROM_LANDMARK,VFH2BapVYe7uI1URppXJn-L8-PI=,src\main\resources\apiCache\hotels\VFH2BapVYe7uI1URppXJn-L8-PI=.json
2016-12-31T07:05:48.645Z,https://www.hotels.com/search.do?q-destination=Campbell%2C+CA&q-check-in=2017-04-17&q-check-out=2017-04-18&q-rooms=1&q-room-0-adults=2&q-room-0-children=0&sort-order=DISTANCE_FROM_LANDMARK,IUfVUkuTXe9mNHAbuJhFTkoMgOY=,src\main\resources\apiCache\hotels\IUfVUkuTXe9mNHAbuJhFTkoMgOY=.json
2016-12-31T07:05:49.054Z,https://www.hotels.com/search.do?q-destination=Mountlake+Terrace%2C+WA&q-check-in=2017-04-14&q-check-out=2017-04-17&q-rooms=1&q-room-0-adults=2&q-room-0-children=0&sort-order=DISTANCE_FROM_LANDMARK,dLgqu3wMGIfZfRP-VA85YBwEYio=,src\main\resources\apiCache\hotels\dLgqu3wMGIfZfRP-VA85YBwEYio=.json
2016-12-31T07:05:49.510Z,https://www.hotels.com/search.do?q-destination=Ardmore%2C+OK&q-check-in=2017-04-18&q-check-out=2017-04-22&q-rooms=1&q-room-0-adults=2&q-room-0-children=0&sort-order=DISTANCE_FROM_LANDMARK,w21NcEeMIg0jbTOYahPBO2Ip3eE=,src\main\resources\apiCache\hotels\w21NcEeMIg0jbTOYahPBO2Ip3eE=.json
2016-12-31T07:05:49.653Z,https://www.hotels.com/search.do?q-destination=Seminole%2C+FL&q-check-in=2017-05-05&q-check-out=2017-05-13&q-rooms=1&q-room-0-adults=2&q-room-0-children=0&sort-order=DISTANCE_FROM_LANDMARK,V5cfXqJqOAkoTyZe98DA6dcF3TA=,src\main\resources\apiCache\hotels\V5cfXqJqOAkoTyZe98DA6dcF3TA=.json
2016-12-31T07:05:52.198Z,https://maps.googleapis.com/maps/api/directions/json?origin=Harahan%2C+LA&key=AIzaSyBrc16mMFU7w8Hyo7nFD6ny5SjeOapkY9Q&waypoints=optimize%3Atrue%7CDanbury%2C+CT%7CPark+Ridge%2C+IL%7CGreat+Neck%2C+NY%7CGarwood%2C+NJ%7CMount+Airy%2C+NC%7CBell%2C+CA%7CDaphne%2C+AL%7CPalmetto%2C+GA%7CEl+Monte%2C+CA&destination=Harahan%2C+LA,YicnDzpg__Pv7FhTVNBESqXuH5A=,src\main\resources\apiCache\google\maps\directions\order\YicnDzpg__Pv7FhTVNBESqXuH5A=.json
2016-12-31T07:05:53.250Z,https://www.hotels.com/search.do?q-destination=Mount+Airy%2C+NC&q-check-in=2017-01-29&q-check-out=2017-02-03&q-rooms=3&q-room-0-adults=2&q-room-0-children=0&q-room-1-adults=2&q-room-1-children=0&q-room-2-adults=1&q-room-2-children=0&sort-order=DISTANCE_FROM_LANDMARK,eJKJm0fy2nUSiEsMiWX026QoTPc=,src\main\resources\apiCache\hotels\eJKJm0fy2nUSiEsMiWX026QoTPc=.json
2016-12-31T07:05:53.299Z,https://www.hotels.com/search.do?q-destination=Danbury%2C+CT&q-check-in=2017-02-15&q-check-out=2017-02-20&q-rooms=3&q-room-0-adults=2&q-room-0-children=0&q-room-1-adults=2&q-room-1-children=0&q-room-2-adults=1&q-room-2-children=0&sort-order=DISTANCE_FROM_LANDMARK,YMVQ383i0gCPVd3I31GSnsFI4ks=,src\main\resources\apiCache\hotels\YMVQ383i0gCPVd3I31GSnsFI4ks=.json
2016-12-31T07:05:53.308Z,https://www.hotels.com/search.do?q-destination=El+Monte%2C+CA&q-check-in=2017-02-27&q-check-out=2017-03-07&q-rooms=3&q-room-0-adults=2&q-room-0-children=0&q-room-1-adults=2&q-room-1-children=0&q-room-2-adults=1&q-room-2-children=0&sort-order=DISTANCE_FROM_LANDMARK,vFnXBfN_bmhIns2fmWqez8wBC30=,src\main\resources\apiCache\hotels\vFnXBfN_bmhIns2fmWqez8wBC30=.json
2016-12-31T07:05:53.418Z,https://www.hotels.com/search.do?q-destination=Palmetto%2C+GA&q-check-in=2017-01-25&q-check-out=2017-01-29&q-rooms=3&q-room-0-adults=2&q-room-0-children=0&q-room-1-adults=2&q-room-1-children=0&q-room-2-adults=1&q-room-2-children=0&sort-order=DISTANCE_FROM_LANDMARK,tUmzP9D7xRuJIpBCqWKZF0TXmYc=,src\main\resources\apiCache\hotels\tUmzP9D7xRuJIpBCqWKZF0TXmYc=.json
2016-12-31T07:05:54.058Z,https://www.hotels.com/search.do?q-destination=Bell%2C+CA&q-check-in=2017-03-07&q-check-out=2017-03-11&q-rooms=3&q-room-0-adults=2&q-room-0-children=0&q-room-1-adults=2&q-room-1-children=0&q-room-2-adults=1&q-room-2-children=0&sort-order=DISTANCE_FROM_LANDMARK,28D2B2bz1uzdRVIFXag6042umQ8=,src\main\resources\apiCache\hotels\28D2B2bz1uzdRVIFXag6042umQ8=.json
2016-12-31T07:05:54.256Z,https://www.hotels.com/search.do?q-destination=Daphne%2C+AL&q-check-in=2017-01-19&q-check-out=2017-01-25&q-rooms=3&q-room-0-adults=2&q-room-0-children=0&q-room-1-adults=2&q-room-1-children=0&q-room-2-adults=1&q-room-2-children=0&sort-order=DISTANCE_FROM_LANDMARK,-iTdDb1-gmr96vTnEvK41jjLGl8=,src\main\resources\apiCache\hotels\-iTdDb1-gmr96vTnEvK41jjLGl8=.json
2016-12-31T07:05:54.631Z,https://www.hotels.com/search.do?q-destination=Great+Neck%2C+NY&q-check-in=2017-02-09&q-check-out=2017-02-15&q-rooms=3&q-room-0-adults=2&q-room-0-children=0&q-room-1-adults=2&q-room-1-children=0&q-room-2-adults=1&q-room-2-children=0&sort-order=DISTANCE_FROM_LANDMARK,ns2b757EEw8XVW5SdLaiH5tP0fc=,src\main\resources\apiCache\hotels\ns2b757EEw8XVW5SdLaiH5tP0fc=.json
2016-12-31T07:05:56.066Z,https://www.hotels.com/search.do?q-destination=Park+Ridge%2C+IL&q-check-in=2017-02-20&q-check-out=2017-02-27&q-rooms=3&q-room-0-adults=2&q-room-0-children=0&q-room-1-adults=2&q-room-1-children=0&q-room-2-adults=1&q-room-2-children=0&sort-order=DISTANCE_FROM_LANDMARK,nFM2oKnzAod2hVSnmtzl5hwN_Gw=,src\main\resources\apiCache\hotels\nFM2oKnzAod2hVSnmtzl5hwN_Gw=.json
2016-12-31T07:05:58.923Z,https://maps.googleapis.com/maps/api/directions/json?origin=Monee%2C+IL&key=AIzaSyBrc16mMFU7w8Hyo7nFD6ny5SjeOapkY9Q&waypoints=optimize%3Atrue%7CKeyport%2C+NJ%7CMyrtle+Beach%2C+SC%7COakland%2C+NJ%7CChippewa+Falls%2C+WI%7CPorterville%2C+CA%7CCommerce%2C+GA%7CBerkeley%2C+IL%7CAyden%2C+NC%7CHallandale+Beach%2C+FL%7CWhitewater%2C+WI&destination=Monee%2C+IL,1fVQb43h4OpUao0wCaj14ca1Rms=,src\main\resources\apiCache\google\maps\directions\order\1fVQb43h4OpUao0wCaj14ca1Rms=.json
2016-12-31T07:05:59.875Z,https://www.hotels.com/search.do?q-destination=Chippewa+Falls%2C+WI&q-check-in=2017-01-11&q-check-out=2017-01-19&q-rooms=3&q-room-0-adults=2&q-room-0-children=0&q-room-1-adults=2&q-room-1-children=0&q-room-2-adults=1&q-room-2-children=0&sort-order=DISTANCE_FROM_LANDMARK,Jp09hIu2iKU4B6oZnet8ivvONS4=,src\main\resources\apiCache\hotels\Jp09hIu2iKU4B6oZnet8ivvONS4=.json
2016-12-31T07:06:00.131Z,https://www.hotels.com/search.do?q-destination=Hallandale+Beach%2C+FL&q-check-in=2017-01-27&q-check-out=2017-02-03&q-rooms=3&q-room-0-adults=2&q-room-0-children=0&q-room-1-adults=2&q-room-1-children=0&q-room-2-adults=1&q-room-2-children=0&sort-order=DISTANCE_FROM_LANDMARK,GwqzwwHZYgseyEtYguTjMTHxtzs=,src\main\resources\apiCache\hotels\GwqzwwHZYgseyEtYguTjMTHxtzs=.json
2016-12-31T07:06:00.510Z,https://www.hotels.com/search.do?q-destination=Myrtle+Beach%2C+SC&q-check-in=2017-02-03&q-check-out=2017-02-10&q-rooms=3&q-room-0-adults=2&q-room-0-children=0&q-room-1-adults=2&q-room-1-children=0&q-room-2-adults=1&q-room-2-children=0&sort-order=DISTANCE_FROM_LANDMARK,7-F3yd7bFH34FIHZ-C4D5VwdKoA=,src\main\resources\apiCache\hotels\7-F3yd7bFH34FIHZ-C4D5VwdKoA=.json
2016-12-31T07:06:00.611Z,https://www.hotels.com/search.do?q-destination=Keyport%2C+NJ&q-check-in=2017-02-11&q-check-out=2017-02-13&q-rooms=3&q-room-0-adults=2&q-room-0-children=0&q-room-1-adults=2&q-room-1-children=0&q-room-2-adults=1&q-room-2-children=0&sort-order=DISTANCE_FROM_LANDMARK,bR6a0bn6I4JwQgh2mtk3uWeI77I=,src\main\resources\apiCache\hotels\bR6a0bn6I4JwQgh2mtk3uWeI77I=.json
2016-12-31T07:06:00.893Z,https://www.hotels.com/search.do?q-destination=Commerce%2C+GA&q-check-in=2017-01-23&q-check-out=2017-01-27&q-rooms=3&q-room-0-adults=2&q-room-0-children=0&q-room-1-adults=2&q-room-1-children=0&q-room-2-adults=1&q-room-2-children=0&sort-order=DISTANCE_FROM_LANDMARK,LlIfhgfZutR5IhPaRlOIui3L94w=,src\main\resources\apiCache\hotels\LlIfhgfZutR5IhPaRlOIui3L94w=.json
2016-12-31T07:06:00.976Z,https://www.hotels.com/search.do?q-destination=Ayden%2C+NC&q-check-in=2017-02-10&q-check-out=2017-02-11&q-rooms=3&q-room-0-adults=2&q-room-0-children=0&q-room-1-adults=2&q-room-1-children=0&q-room-2-adults=1&q-room-2-children=0&sort-order=DISTANCE_FROM_LANDMARK,qAVdoMhpSZ88PDYWw0Wa_B3vk4g=,src\main\resources\apiCache\hotels\qAVdoMhpSZ88PDYWw0Wa_B3vk4g=.json
2016-12-31T07:06:01.439Z,https://www.hotels.com/search.do?q-destination=Whitewater%2C+WI&q-check-in=2017-01-05&q-check-out=2017-01-11&q-rooms=3&q-room-0-adults=2&q-room-0-children=0&q-room-1-adults=2&q-room-1-children=0&q-room-2-adults=1&q-room-2-children=0&sort-order=DISTANCE_FROM_LANDMARK,iqzpyHcNnpr2O4Q-QoYaXaF8Qr4=,src\main\resources\apiCache\hotels\iqzpyHcNnpr2O4Q-QoYaXaF8Qr4=.json
2016-12-31T07:06:01.579Z,https://www.hotels.com/search.do?q-destination=Porterville%2C+CA&q-check-in=2017-01-19&q-check-out=2017-01-23&q-rooms=3&q-room-0-adults=2&q-room-0-children=0&q-room-1-adults=2&q-room-1-children=0&q-room-2-adults=1&q-room-2-children=0&sort-order=DISTANCE_FROM_LANDMARK,5M-WJrVhxGwzz66HBAF4cy8SJWM=,src\main\resources\apiCache\hotels\5M-WJrVhxGwzz66HBAF4cy8SJWM=.json
2016-12-31T07:06:02.697Z,https://www.hotels.com/search.do?q-destination=Oakland%2C+NJ&q-check-in=2017-02-13&q-check-out=2017-02-15&q-rooms=3&q-room-0-adults=2&q-room-0-children=0&q-room-1-adults=2&q-room-1-children=0&q-room-2-adults=1&q-room-2-children=0&sort-order=DISTANCE_FROM_LANDMARK,jEcbYlNSYkVE71oJd2VfFibXPA0=,src\main\resources\apiCache\hotels\jEcbYlNSYkVE71oJd2VfFibXPA0=.json
2016-12-31T07:06:03.062Z,https://www.hotels.com/search.do?q-destination=Berkeley%2C+IL&q-check-in=2017-01-04&q-check-out=2017-01-05&q-rooms=3&q-room-0-adults=2&q-room-0-children=0&q-room-1-adults=2&q-room-1-children=0&q-room-2-adults=1&q-room-2-children=0&sort-order=DISTANCE_FROM_LANDMARK,GYjmQX9vYhT1DkeVqnf-iLMRGho=,src\main\resources\apiCache\hotels\GYjmQX9vYhT1DkeVqnf-iLMRGho=.json
2016-12-31T07:06:06.098Z,https://maps.googleapis.com/maps/api/directions/json?origin=Thief+River+Falls%2C+MN&key=AIzaSyBrc16mMFU7w8Hyo7nFD6ny5SjeOapkY9Q&waypoints=optimize%3Atrue%7CMcKenzie%2C+TN%7CMinooka%2C+IL%7CSafety+Harbor%2C+FL%7CSouderton%2C+PA%7CUniontown%2C+PA%7CLuling%2C+TX%7CMcLoud%2C+OK%7CYoungtown%2C+AZ%7CRacine%2C+WI%7CElon%2C+NC%7CMission%2C+TX%7CNiagara+Falls%2C+NY%7CGrants%2C+NM%7CFranklin%2C+VA%7CMcLoud%2C+OK%7CShelby%2C+OH%7CMoses+Lake%2C+WA&destination=Thief+River+Falls%2C+MN,o5ABGgcnOlBIR62al41zPnNrUcQ=,src\main\resources\apiCache\google\maps\directions\order\o5ABGgcnOlBIR62al41zPnNrUcQ=.json
2016-12-31T07:06:06.692Z,https://www.hotels.com/search.do?q-destination=Franklin%2C+VA&q-check-in=2017-05-28&q-check-out=2017-06-05&q-rooms=2&q-room-0-adults=2&q-room-0-children=0&q-room-1-adults=2&q-room-1-children=0&sort-order=DISTANCE_FROM_LANDMARK,wPgoIcxB_6IPMbhTFLbuxO5uzn8=,src\main\resources\apiCache\hotels\wPgoIcxB_6IPMbhTFLbuxO5uzn8=.json
2016-12-31T07:06:07.101Z,https://www.hotels.com/search.do?q-destination=Shelby%2C+OH&q-check-in=2017-06-24&q-check-out=2017-06-29&q-rooms=2&q-room-0-adults=2&q-room-0-children=0&q-room-1-adults=2&q-room-1-children=0&sort-order=DISTANCE_FROM_LANDMARK,YWpE4WLFJ6xokCqfi8soYYdwpqc=,src\main\resources\apiCache\hotels\YWpE4WLFJ6xokCqfi8soYYdwpqc=.json
2016-12-31T07:06:07.212Z,https://www.hotels.com/search.do?q-destination=Elon%2C+NC&q-check-in=2017-05-25&q-check-out=2017-05-28&q-rooms=2&q-room-0-adults=2&q-room-0-children=0&q-room-1-adults=2&q-room-1-children=0&sort-order=DISTANCE_FROM_LANDMARK,TiHq1xpGgQKA8puY8NSMnARJdYE=,src\main\resources\apiCache\hotels\TiHq1xpGgQKA8puY8NSMnARJdYE=.json
2016-12-31T07:06:07.790Z,https://www.hotels.com/search.do?q-destination=Racine%2C+WI&q-check-in=2017-07-07&q-check-out=2017-07-09&q-rooms=2&q-room-0-adults=2&q-room-0-children=0&q-room-1-adults=2&q-room-1-children=0&sort-order=DISTANCE_FROM_LANDMARK,hhVyRsGQd6z_vZ_VuHlgJnwLaPU=,src\main\resources\apiCache\hotels\hhVyRsGQd6z_vZ_VuHlgJnwLaPU=.json
2016-12-31T07:06:07.938Z,https://www.hotels.com/search.do?q-destination=Souderton%2C+PA&q-check-in=2017-06-05&q-check-out=2017-06-10&q-rooms=2&q-room-0-adults=2&q-room-0-children=0&q-room-1-adults=2&q-room-1-children=0&sort-order=DISTANCE_FROM_LANDMARK,AtxLni2GzjY6vD28jsABS22KPcg=,src\main\resources\apiCache\hotels\AtxLni2GzjY6vD28jsABS22KPcg=.json
2016-12-31T07:06:08.196Z,https://www.hotels.com/search.do?q-destination=McLoud%2C+OK&q-check-in=2017-05-02&q-check-out=2017-05-05&q-rooms=2&q-room-0-adults=2&q-room-0-children=0&q-room-1-adults=2&q-room-1-children=0&sort-order=DISTANCE_FROM_LANDMARK,FO9rbB8EOmzQu5yhUaL5SvQNW4U=,src\main\resources\apiCache\hotels\FO9rbB8EOmzQu5yhUaL5SvQNW4U=.json
2016-12-31T07:06:08.429Z,https://www.hotels.com/search.do?q-destination=Minooka%2C+IL&q-check-in=2017-06-29&q-check-out=2017-07-07&q-rooms=2&q-room-0-adults=2&q-room-0-children=0&q-room-1-adults=2&q-room-1-children=0&sort-order=DISTANCE_FROM_LANDMARK,pnD_LZ_-FoLPWA5X2-MCObrfHck=,src\main\resources\apiCache\hotels\pnD_LZ_-FoLPWA5X2-MCObrfHck=.json
2016-12-31T07:06:08.649Z,https://www.hotels.com/search.do?q-destination=Safety+Harbor%2C+FL&q-check-in=2017-05-19&q-check-out=2017-05-25&q-rooms=2&q-room-0-adults=2&q-room-0-children=0&q-room-1-adults=2&q-room-1-children=0&sort-order=DISTANCE_FROM_LANDMARK,BdOfQ9k_jVqg2fsXgi3DGQuGuXM=,src\main\resources\apiCache\hotels\BdOfQ9k_jVqg2fsXgi3DGQuGuXM=.json
2016-12-31T07:06:08.770Z,https://www.hotels.com/search.do?q-destination=Grants%2C+NM&q-check-in=2017-04-16&q-check-out=2017-04-24&q-rooms=2&q-room-0-adults=2&q-room-0-children=0&q-room-1-adults=2&q-room-1-children=0&sort-order=DISTANCE_FROM_LANDMARK,urILn_phcQHIOIu9nhFTjk0KqoM=,src\main\resources\apiCache\hotels\urILn_phcQHIOIu9nhFTjk0KqoM=.json
2016-12-31T07:06:08.971Z,https://www.hotels.com/search.do?q-destination=Luling%2C+TX&q-check-in=2017-04-29&q-check-out=2017-05-02&q-rooms=2&q-room-0-adults=2&q-room-0-children=0&q-room-1-adults=2&q-room-1-children=0&sort-order=DISTANCE_FROM_LANDMARK,Odc83HwbM5MD5u8wNC8dk4jioJA=,src\main\resources\apiCache\hotels\Odc83HwbM5MD5u8wNC8dk4jioJA=.json
2016-12-31T07:06:09.455Z,https://www.hotels.com/search.do?q-destination=Mission%2C+TX&q-check-in=2017-04-24&q-check-out=2017-04-29&q-rooms=2&q-room-0-adults=2&q-room-0-children=0&q-room-1-adults=2&q-room-1-children=0&sort-order=DISTANCE_FROM_LANDMARK,urV7tMfk0gRc2QzPzNoYI8B1ysI=,src\main\resources\apiCache\hotels\urV7tMfk0gRc2QzPzNoYI8B1ysI=.json
2016-12-31T07:06:09.550Z,https://www.hotels.com/search.do?q-destination=McKenzie%2C+TN&q-check-in=2017-05-11&q-check-out=2017-05-19&q-rooms=2&q-room-0-adults=2&q-room-0-children=0&q-room-1-adults=2&q-room-1-children=0&sort-order=DISTANCE_FROM_LANDMARK,uw421TTkxhga7N6FbsJYVvsEnqo=,src\main\resources\apiCache\hotels\uw421TTkxhga7N6FbsJYVvsEnqo=.json
2016-12-31T07:06:09.740Z,https://www.hotels.com/search.do?q-destination=Uniontown%2C+PA&q-check-in=2017-06-10&q-check-out=2017-06-16&q-rooms=2&q-room-0-adults=2&q-room-0-children=0&q-room-1-adults=2&q-room-1-children=0&sort-order=DISTANCE_FROM_LANDMARK,jTIvSj6RzOcHUk3_iyBLMyFhS4w=,src\main\resources\apiCache\hotels\jTIvSj6RzOcHUk3_iyBLMyFhS4w=.json
2016-12-31T07:06:09.764Z,https://www.hotels.com/search.do?q-destination=Niagara+Falls%2C+NY&q-check-in=2017-06-16&q-check-out=2017-06-24&q-rooms=2&q-room-0-adults=2&q-room-0-children=0&q-room-1-adults=2&q-room-1-children=0&sort-order=DISTANCE_FROM_LANDMARK,-WiUk5BwJVGNnyTjuP_-WzAdiwM=,src\main\resources\apiCache\hotels\-WiUk5BwJVGNnyTjuP_-WzAdiwM=.json
2016-12-31T07:06:10.196Z,https://www.hotels.com/search.do?q-destination=Youngtown%2C+AZ&q-check-in=2017-04-11&q-check-out=2017-04-16&q-rooms=2&q-room-0-adults=2&q-room-0-children=0&q-room-1-adults=2&q-room-1-children=0&sort-order=DISTANCE_FROM_LANDMARK,HBPdv24lROPFogrAWTwbKMIzOF4=,src\main\resources\apiCache\hotels\HBPdv24lROPFogrAWTwbKMIzOF4=.json
2016-12-31T07:06:10.591Z,https://www.hotels.com/search.do?q-destination=McLoud%2C+OK&q-check-in=2017-05-05&q-check-out=2017-05-11&q-rooms=2&q-room-0-adults=2&q-room-0-children=0&q-room-1-adults=2&q-room-1-children=0&sort-order=DISTANCE_FROM_LANDMARK,7pjJ5l31Ag_oW1GWxTVxNhFpvfY=,src\main\resources\apiCache\hotels\7pjJ5l31Ag_oW1GWxTVxNhFpvfY=.json
2016-12-31T07:06:10.845Z,https://www.hotels.com/search.do?q-destination=Moses+Lake%2C+WA&q-check-in=2017-04-08&q-check-out=2017-04-11&q-rooms=2&q-room-0-adults=2&q-room-0-children=0&q-room-1-adults=2&q-room-1-children=0&sort-order=DISTANCE_FROM_LANDMARK,pEw3_dgjxsqEX0oOsUC98ugZVjg=,src\main\resources\apiCache\hotels\pEw3_dgjxsqEX0oOsUC98ugZVjg=.json
2016-12-31T07:06:13.479Z,https://maps.googleapis.com/maps/api/directions/json?origin=North+Bay+Village%2C+FL&key=AIzaSyBrc16mMFU7w8Hyo7nFD6ny5SjeOapkY9Q&waypoints=optimize%3Atrue%7CWyandotte%2C+MI%7COconto%2C+WI%7CNew+Franklin%2C+OH%7COdessa%2C+TX%7CPittston%2C+PA%7CBlue+Island%2C+IL&destination=North+Bay+Village%2C+FL,slxY3HdDzdt5BBf23AdZp-FSId8=,src\main\resources\apiCache\google\maps\directions\order\slxY3HdDzdt5BBf23AdZp-FSId8=.json
2016-12-31T07:06:14.226Z,https://www.hotels.com/search.do?q-destination=Odessa%2C+TX&q-check-in=2017-02-21&q-check-out=2017-02-22&q-rooms=2&q-room-0-adults=2&q-room-0-children=0&q-room-1-adults=2&q-room-1-children=0&sort-order=DISTANCE_FROM_LANDMARK,_qTifMnrhaYxdoRjD7rWDAEdLp4=,src\main\resources\apiCache\hotels\_qTifMnrhaYxdoRjD7rWDAEdLp4=.json
2016-12-31T07:06:14.246Z,https://www.hotels.com/search.do?q-destination=New+Franklin%2C+OH&q-check-in=2017-02-03&q-check-out=2017-02-07&q-rooms=2&q-room-0-adults=2&q-room-0-children=0&q-room-1-adults=2&q-room-1-children=0&sort-order=DISTANCE_FROM_LANDMARK,kLQsMUVg4Njk9CXgEDPlOApkx7g=,src\main\resources\apiCache\hotels\kLQsMUVg4Njk9CXgEDPlOApkx7g=.json
2016-12-31T07:06:14.472Z,https://www.hotels.com/search.do?q-destination=Pittston%2C+PA&q-check-in=2017-01-30&q-check-out=2017-02-03&q-rooms=2&q-room-0-adults=2&q-room-0-children=0&q-room-1-adults=2&q-room-1-children=0&sort-order=DISTANCE_FROM_LANDMARK,DyhjOyslu8ehLZXbqGnw9x48c_U=,src\main\resources\apiCache\hotels\DyhjOyslu8ehLZXbqGnw9x48c_U=.json
2016-12-31T07:06:14.928Z,https://www.hotels.com/search.do?q-destination=Oconto%2C+WI&q-check-in=2017-02-20&q-check-out=2017-02-21&q-rooms=2&q-room-0-adults=2&q-room-0-children=0&q-room-1-adults=2&q-room-1-children=0&sort-order=DISTANCE_FROM_LANDMARK,jPWSfUF6hTlwxKvtL8zb516zGK4=,src\main\resources\apiCache\hotels\jPWSfUF6hTlwxKvtL8zb516zGK4=.json
2016-12-31T07:06:15.179Z,https://www.hotels.com/search.do?q-destination=Blue+Island%2C+IL&q-check-in=2017-02-12&q-check-out=2017-02-20&q-rooms=2&q-room-0-adults=2&q-room-0-children=0&q-room-1-adults=2&q-room-1-children=0&sort-order=DISTANCE_FROM_LANDMARK,a3v-O_S6rWQ2tV3obNFdlhpUibE=,src\main\resources\apiCache\hotels\a3v-O_S6rWQ2tV3obNFdlhpUibE=.json
2016-12-31T07:06:15.498Z,https://www.hotels.com/search.do?q-destination=Wyandotte%2C+MI&q-check-in=2017-02-07&q-check-out=2017-02-12&q-rooms=2&q-room-0-adults=2&q-room-0-children=0&q-room-1-adults=2&q-room-1-children=0&sort-order=DISTANCE_FROM_LANDMARK,uVt0GsyXcCylvESqT4Leese9bNs=,src\main\resources\apiCache\hotels\uVt0GsyXcCylvESqT4Leese9bNs=.json
2016-12-31T07:06:17.877Z,https://maps.googleapis.com/maps/api/directions/json?origin=Airmont%2C+NY&key=AIzaSyBrc16mMFU7w8Hyo7nFD6ny5SjeOapkY9Q&waypoints=optimize%3Atrue%7CLewisville%2C+NC%7CMendham%2C+NJ%7CDeKalb%2C+IL%7CConcord%2C+CA%7CLake+Stevens%2C+WA%7CKeene%2C+NH%7CBlue+Ash%2C+OH%7CUpland%2C+CA%7CIndependence%2C+OH%7CLitchfield+Park%2C+AZ%7CValley+City%2C+ND%7CExeter%2C+CA%7CAndalusia%2C+AL%7CWest+Haven%2C+CT%7CHighland%2C+CA%7CVentnor+City%2C+NJ%7CJacksonville%2C+IL%7CRock+Hill%2C+MO&destination=Airmont%2C+NY,_l0aTYjL_wjiw8YhbaqwU9N9hgM=,src\main\resources\apiCache\google\maps\directions\order\_l0aTYjL_wjiw8YhbaqwU9N9hgM=.json
2016-12-31T07:06:18.736Z,https://www.hotels.com/search.do?q-destination=Upland%2C+CA&q-check-in=2017-03-28&q-check-out=2017-03-29&q-rooms=1&q-room-0-adults=2&q-room-0-children=0&sort-order=DISTANCE_FROM_LANDMARK,gYZLjVAAHV47cE5MYJym9uUQqKs=,src\main\resources\apiCache\hotels\gYZLjVAAHV47cE5MYJym9uUQqKs=.json
2016-12-31T07:06:18.900Z,https://www.hotels.com/search.do?q-destination=Jacksonville%2C+IL&q-check-in=2017-03-01&q-check-out=2017-03-04&q-rooms=1&q-room-0-adults=2&q-room-0-children=0&sort-order=DISTANCE_FROM_LANDMARK,hH0-XZ2KExCkqSDFfqYTs9--RQ8=,src\main\resources\apiCache\hotels\hH0-XZ2KExCkqSDFfqYTs9--RQ8=.json
2016-12-31T07:06:18.963Z,https://www.hotels.com/search.do?q-destination=Lewisville%2C+NC&q-check-in=2017-04-16&q-check-out=2017-04-23&q-rooms=1&q-room-0-adults=2&q-room-0-children=0&sort-order=DISTANCE_FROM_LANDMARK,61kdWV5mEyWHCPcULRFvuweMrc0=,src\main\resources\apiCache\hotels\61kdWV5mEyWHCPcULRFvuweMrc0=.json
2016-12-31T07:06:19.580Z,https://www.hotels.com/search.do?q-destination=Independence%2C+OH&q-check-in=2017-02-18&q-check-out=2017-02-22&q-rooms=1&q-room-0-adults=2&q-room-0-children=0&sort-order=DISTANCE_FROM_LANDMARK,zGh99KAQHhZ4Mn5Q6V7yGYXov1Y=,src\main\resources\apiCache\hotels\zGh99KAQHhZ4Mn5Q6V7yGYXov1Y=.json
2016-12-31T07:06:19.686Z,https://www.hotels.com/search.do?q-destination=Highland%2C+CA&q-check-in=2017-03-29&q-check-out=2017-04-05&q-rooms=1&q-room-0-adults=2&q-room-0-children=0&sort-order=DISTANCE_FROM_LANDMARK,oaPNtQAuAFnlGIUqKZUpfl4SDww=,src\main\resources\apiCache\hotels\oaPNtQAuAFnlGIUqKZUpfl4SDww=.json
2016-12-31T07:06:19.886Z,https://www.hotels.com/search.do?q-destination=Rock+Hill%2C+MO&q-check-in=2017-02-28&q-check-out=2017-03-01&q-rooms=1&q-room-0-adults=2&q-room-0-children=0&sort-order=DISTANCE_FROM_LANDMARK,KSd_TGH8Pv_nOUIpBgTspIm7n4M=,src\main\resources\apiCache\hotels\KSd_TGH8Pv_nOUIpBgTspIm7n4M=.json
2016-12-31T07:06:20.115Z,https://www.hotels.com/search.do?q-destination=Mendham%2C+NJ&q-check-in=2017-04-26&q-check-out=2017-04-28&q-rooms=1&q-room-0-adults=2&q-room-0-children=0&sort-order=DISTANCE_FROM_LANDMARK,UjDUEIlv_nGmgLKi0wbZPEUsIn8=,src\main\resources\apiCache\hotels\UjDUEIlv_nGmgLKi0wbZPEUsIn8=.json
2016-12-31T07:06:20.442Z,https://www.hotels.com/search.do?q-destination=Valley+City%2C+ND&q-check-in=2017-03-10&q-check-out=2017-03-15&q-rooms=1&q-room-0-adults=2&q-room-0-children=0&sort-order=DISTANCE_FROM_LANDMARK,v7cHFo6J_dcAjC46qUpbK9ULeBE=,src\main\resources\apiCache\hotels\v7cHFo6J_dcAjC46qUpbK9ULeBE=.json
2016-12-31T07:06:20.485Z,https://www.hotels.com/search.do?q-destination=Blue+Ash%2C+OH&q-check-in=2017-02-22&q-check-out=2017-02-28&q-rooms=1&q-room-0-adults=2&q-room-0-children=0&sort-order=DISTANCE_FROM_LANDMARK,2U79L3_XZn9EL5pPQDw_tUo6kxs=,src\main\resources\apiCache\hotels\2U79L3_XZn9EL5pPQDw_tUo6kxs=.json
2016-12-31T07:06:20.559Z,https://www.hotels.com/search.do?q-destination=Exeter%2C+CA&q-check-in=2017-03-25&q-check-out=2017-03-28&q-rooms=1&q-room-0-adults=2&q-room-0-children=0&sort-order=DISTANCE_FROM_LANDMARK,zxyvS3qR0i_3DpMQPZxE5V8-n40=,src\main\resources\apiCache\hotels\zxyvS3qR0i_3DpMQPZxE5V8-n40=.json
2016-12-31T07:06:20.873Z,https://www.hotels.com/search.do?q-destination=Ventnor+City%2C+NJ&q-check-in=2017-04-23&q-check-out=2017-04-26&q-rooms=1&q-room-0-adults=2&q-room-0-children=0&sort-order=DISTANCE_FROM_LANDMARK,OvIdEziLV49c0_GyehqKCTN7jrw=,src\main\resources\apiCache\hotels\OvIdEziLV49c0_GyehqKCTN7jrw=.json
2016-12-31T07:06:21.425Z,https://www.hotels.com/search.do?q-destination=Keene%2C+NH&q-check-in=2017-02-17&q-check-out=2017-02-18&q-rooms=1&q-room-0-adults=2&q-room-0-children=0&sort-order=DISTANCE_FROM_LANDMARK,vL0mr0j4WnJz8MWB0UczW4TaoGY=,src\main\resources\apiCache\hotels\vL0mr0j4WnJz8MWB0UczW4TaoGY=.json
2016-12-31T07:06:21.731Z,https://www.hotels.com/search.do?q-destination=Andalusia%2C+AL&q-check-in=2017-04-13&q-check-out=2017-04-16&q-rooms=1&q-room-0-adults=2&q-room-0-children=0&sort-order=DISTANCE_FROM_LANDMARK,zlnCrqvSkfk_hO2P8mnA50J814U=,src\main\resources\apiCache\hotels\zlnCrqvSkfk_hO2P8mnA50J814U=.json
2016-12-31T07:06:21.866Z,https://www.hotels.com/search.do?q-destination=Concord%2C+CA&q-check-in=2017-03-20&q-check-out=2017-03-25&q-rooms=1&q-room-0-adults=2&q-room-0-children=0&sort-order=DISTANCE_FROM_LANDMARK,fuThdGuZZfO649QUupMZVXjm9SM=,src\main\resources\apiCache\hotels\fuThdGuZZfO649QUupMZVXjm9SM=.json
2016-12-31T07:06:21.895Z,https://www.hotels.com/search.do?q-destination=Lake+Stevens%2C+WA&q-check-in=2017-03-15&q-check-out=2017-03-20&q-rooms=1&q-room-0-adults=2&q-room-0-children=0&sort-order=DISTANCE_FROM_LANDMARK,-s75F3gzvgHuPdK4NoYsAjs-jAI=,src\main\resources\apiCache\hotels\-s75F3gzvgHuPdK4NoYsAjs-jAI=.json
2016-12-31T07:06:22.118Z,https://www.hotels.com/search.do?q-destination=West+Haven%2C+CT&q-check-in=2017-02-11&q-check-out=2017-02-17&q-rooms=1&q-room-0-adults=2&q-room-0-children=0&sort-order=DISTANCE_FROM_LANDMARK,gB42fUiwGy-BEUTmvKjrSs_eSqI=,src\main\resources\apiCache\hotels\gB42fUiwGy-BEUTmvKjrSs_eSqI=.json
2016-12-31T07:06:22.416Z,https://www.hotels.com/search.do?q-destination=Litchfield+Park%2C+AZ&q-check-in=2017-04-05&q-check-out=2017-04-13&q-rooms=1&q-room-0-adults=2&q-room-0-children=0&sort-order=DISTANCE_FROM_LANDMARK,21v2GhNNH1I4ou9H61jYRt7eSYg=,src\main\resources\apiCache\hotels\21v2GhNNH1I4ou9H61jYRt7eSYg=.json
2016-12-31T07:06:22.493Z,https://www.hotels.com/search.do?q-destination=DeKalb%2C+IL&q-check-in=2017-03-04&q-check-out=2017-03-10&q-rooms=1&q-room-0-adults=2&q-room-0-children=0&sort-order=DISTANCE_FROM_LANDMARK,hQzvvTarGcTD-Xnp4VsdRq2lriw=,src\main\resources\apiCache\hotels\hQzvvTarGcTD-Xnp4VsdRq2lriw=.json
2016-12-31T07:06:25.606Z,https://maps.googleapis.com/maps/api/directions/json?origin=Bellefontaine+Neighbors%2C+MO&key=AIzaSyBrc16mMFU7w8Hyo7nFD6ny5SjeOapkY9Q&waypoints=optimize%3Atrue%7CCrockett%2C+TX%7CLoves+Park%2C+IL%7CGarfield+Heights%2C+OH%7CMascotte%2C+FL%7CStaunton%2C+VA%7CLockhart%2C+TX%7CFountain+Hills%2C+AZ%7CLyndhurst%2C+OH%7CNorthport%2C+AL%7CMount+Pleasant%2C+PA%7CGladstone%2C+MO%7CWhite+Oak%2C+PA%7CIthaca%2C+NY%7CLansing%2C+MI%7CDecatur%2C+IL%7CNiles%2C+OH%7CSan+Gabriel%2C+CA%7COnalaska%2C+WI%7CHarrisburg%2C+PA&destination=Bellefontaine+Neighbors%2C+MO,kche7HiL-XSQOC0PK_Ar0Q7eGJc=,src\main\resources\apiCache\google\maps\directions\order\kche7HiL-XSQOC0PK_Ar0Q7eGJc=.json
2016-12-31T07:06:26.361Z,https://www.hotels.com/search.do?q-destination=Lyndhurst%2C+OH&q-check-in=2017-04-16&q-check-out=2017-04-19&q-rooms=1&q-room-0-adults=1&q-room-0-children=0&sort-order=DISTANCE_FROM_LANDMARK,atb7Bp2EGi9H8sOnoDR_N-AWkcM=,src\main\resources\apiCache\hotels\atb7Bp2EGi9H8sOnoDR_N-AWkcM=.json
2016-12-31T07:06:26.411Z,https://www.hotels.com/search.do?q-destination=Staunton%2C+VA&q-check-in=2017-05-18&q-check-out=2017-05-23&q-rooms=1&q-room-0-adults=1&q-room-0-children=0&sort-order=DISTANCE_FROM_LANDMARK,lGNzVDbDy_0SI5bj7_Zfx1EtL3o=,src\main\resources\apiCache\hotels\lGNzVDbDy_0SI5bj7_Zfx1EtL3o=.json
2016-12-31T07:06:26.542Z,https://www.hotels.com/search.do?q-destination=Loves+Park%2C+IL&q-check-in=2017-04-02&q-check-out=2017-04-06&q-rooms=1&q-room-0-adults=1&q-room-0-children=0&sort-order=DISTANCE_FROM_LANDMARK,B76yVfNlb8bzbSYsYgcaRtQfOo0=,src\main\resources\apiCache\hotels\B76yVfNlb8bzbSYsYgcaRtQfOo0=.json
2016-12-31T07:06:26.578Z,https://www.hotels.com/search.do?q-destination=Fountain+Hills%2C+AZ&q-check-in=2017-06-14&q-check-out=2017-06-21&q-rooms=1&q-room-0-adults=1&q-room-0-children=0&sort-order=DISTANCE_FROM_LANDMARK,Z0yOoq05rH61WOjW0ZIcUDD0cnY=,src\main\resources\apiCache\hotels\Z0yOoq05rH61WOjW0ZIcUDD0cnY=.json
2016-12-31T07:06:27.269Z,https://www.hotels.com/search.do?q-destination=Lansing%2C+MI&q-check-in=2017-04-06&q-check-out=2017-04-13&q-rooms=1&q-room-0-adults=1&q-room-0-children=0&sort-order=DISTANCE_FROM_LANDMARK,SmXZmS_s-33ll9NKfRscIFl8MaU=,src\main\resources\apiCache\hotels\SmXZmS_s-33ll9NKfRscIFl8MaU=.json
2016-12-31T07:06:27.488Z,https://www.hotels.com/search.do?q-destination=Northport%2C+AL&q-check-in=2017-05-26&q-check-out=2017-06-02&q-rooms=1&q-room-0-adults=1&q-room-0-children=0&sort-order=DISTANCE_FROM_LANDMARK,FYOT1TGrCfnjQKQ3lnrx0Olb5w4=,src\main\resources\apiCache\hotels\FYOT1TGrCfnjQKQ3lnrx0Olb5w4=.json
2016-12-31T07:06:27.670Z,https://www.hotels.com/search.do?q-destination=Gladstone%2C+MO&q-check-in=2017-06-22&q-check-out=2017-06-30&q-rooms=1&q-room-0-adults=1&q-room-0-children=0&sort-order=DISTANCE_FROM_LANDMARK,Of5R-Ym9RoNbaVfjN0y880LpA0s=,src\main\resources\apiCache\hotels\Of5R-Ym9RoNbaVfjN0y880LpA0s=.json
2016-12-31T07:06:27.698Z,https://www.hotels.com/search.do?q-destination=Garfield+Heights%2C+OH&q-check-in=2017-04-13&q-check-out=2017-04-16&q-rooms=1&q-room-0-adults=1&q-room-0-children=0&sort-order=DISTANCE_FROM_LANDMARK,qCGsNEZhzZ5xeVT_Yn9soz_wwjs=,src\main\resources\apiCache\hotels\qCGsNEZhzZ5xeVT_Yn9soz_wwjs=.json
2016-12-31T07:06:28.202Z,https://www.hotels.com/search.do?q-destination=Onalaska%2C+WI&q-check-in=2017-03-30&q-check-out=2017-04-02&q-rooms=1&q-room-0-adults=1&q-room-0-children=0&sort-order=DISTANCE_FROM_LANDMARK,lhCI9NblZmWx4VDUl1ySOSY372U=,src\main\resources\apiCache\hotels\lhCI9NblZmWx4VDUl1ySOSY372U=.json
2016-12-31T07:06:28.655Z,https://www.hotels.com/search.do?q-destination=Mascotte%2C+FL&q-check-in=2017-05-23&q-check-out=2017-05-26&q-rooms=1&q-room-0-adults=1&q-room-0-children=0&sort-order=DISTANCE_FROM_LANDMARK,ZJi_sHMJJwYgErAUGSCMZOe8apg=,src\main\resources\apiCache\hotels\ZJi_sHMJJwYgErAUGSCMZOe8apg=.json
2016-12-31T07:06:28.902Z,https://www.hotels.com/search.do?q-destination=San+Gabriel%2C+CA&q-check-in=2017-06-21&q-check-out=2017-06-22&q-rooms=1&q-room-0-adults=1&q-room-0-children=0&sort-order=DISTANCE_FROM_LANDMARK,iwvonmEbMZZlXuDXiYZDAMTir2w=,src\main\resources\apiCache\hotels\iwvonmEbMZZlXuDXiYZDAMTir2w=.json
2016-12-31T07:06:28.971Z,https://www.hotels.com/search.do?q-destination=Decatur%2C+IL&q-check-in=2017-03-25&q-check-out=2017-03-30&q-rooms=1&q-room-0-adults=1&q-room-0-children=0&sort-order=DISTANCE_FROM_LANDMARK,kbYK1h3iKKIMQZ1-KLmv0uxyQtY=,src\main\resources\apiCache\hotels\kbYK1h3iKKIMQZ1-KLmv0uxyQtY=.json
2016-12-31T07:06:29.511Z,https://www.hotels.com/search.do?q-destination=Lockhart%2C+TX&q-check-in=2017-06-06&q-check-out=2017-06-14&q-rooms=1&q-room-0-adults=1&q-room-0-children=0&sort-order=DISTANCE_FROM_LANDMARK,TLS7TbrSHyMOZTmz9GwTDdbL2SQ=,src\main\resources\apiCache\hotels\TLS7TbrSHyMOZTmz9GwTDdbL2SQ=.json
2016-12-31T07:06:29.952Z,https://www.hotels.com/search.do?q-destination=Harrisburg%2C+PA&q-check-in=2017-05-12&q-check-out=2017-05-18&q-rooms=1&q-room-0-adults=1&q-room-0-children=0&sort-order=DISTANCE_FROM_LANDMARK,O4lZUTeeVKt8Di_Cf1mzdGLtpL4=,src\main\resources\apiCache\hotels\O4lZUTeeVKt8Di_Cf1mzdGLtpL4=.json
2016-12-31T07:06:30.001Z,https://www.hotels.com/search.do?q-destination=White+Oak%2C+PA&q-check-in=2017-04-21&q-check-out=2017-04-26&q-rooms=1&q-room-0-adults=1&q-room-0-children=0&sort-order=DISTANCE_FROM_LANDMARK,UjVN-b7GWFCE_nyU5KXxzEJ2bhY=,src\main\resources\apiCache\hotels\UjVN-b7GWFCE_nyU5KXxzEJ2bhY=.json
2016-12-31T07:06:30.213Z,https://www.hotels.com/search.do?q-destination=Niles%2C+OH&q-check-in=2017-04-19&q-check-out=2017-04-21&q-rooms=1&q-room-0-adults=1&q-room-0-children=0&sort-order=DISTANCE_FROM_LANDMARK,lnIWFcphWeXp5j6LuXwBhUlevHM=,src\main\resources\apiCache\hotels\lnIWFcphWeXp5j6LuXwBhUlevHM=.json
2016-12-31T07:06:30.390Z,https://www.hotels.com/search.do?q-destination=Crockett%2C+TX&q-check-in=2017-06-02&q-check-out=2017-06-06&q-rooms=1&q-room-0-adults=1&q-room-0-children=0&sort-order=DISTANCE_FROM_LANDMARK,thnwMO-BGq2yzzNY63WgOLV0BZY=,src\main\resources\apiCache\hotels\thnwMO-BGq2yzzNY63WgOLV0BZY=.json
2016-12-31T07:06:30.662Z,https://www.hotels.com/search.do?q-destination=Mount+Pleasant%2C+PA&q-check-in=2017-04-26&q-check-out=2017-05-04&q-rooms=1&q-room-0-adults=1&q-room-0-children=0&sort-order=DISTANCE_FROM_LANDMARK,l-jUhFv5UK__Du5WyLEvshYujDI=,src\main\resources\apiCache\hotels\l-jUhFv5UK__Du5WyLEvshYujDI=.json
2016-12-31T07:06:30.903Z,https://www.hotels.com/search.do?q-destination=Ithaca%2C+NY&q-check-in=2017-05-04&q-check-out=2017-05-12&q-rooms=1&q-room-0-adults=1&q-room-0-children=0&sort-order=DISTANCE_FROM_LANDMARK,AnqELl6p5_10HkxFAwa4gdHnlvc=,src\main\resources\apiCache\hotels\AnqELl6p5_10HkxFAwa4gdHnlvc=.json
2016-12-31T07:06:32.949Z,https://maps.googleapis.com/maps/api/directions/json?origin=Oelwein%2C+IA&key=AIzaSyBrc16mMFU7w8Hyo7nFD6ny5SjeOapkY9Q&waypoints=optimize%3Atrue%7CAbbeville%2C+SC&destination=Oelwein%2C+IA,m8_P23WcE73FQvDlghvZNMyfb3w=,src\main\resources\apiCache\google\maps\directions\order\m8_P23WcE73FQvDlghvZNMyfb3w=.json
2016-12-31T07:06:33.584Z,https://www.hotels.com/search.do?q-destination=Abbeville%2C+SC&q-check-in=2017-03-29&q-check-out=2017-04-06&q-rooms=2&q-room-0-adults=2&q-room-0-children=0&q-room-1-adults=2&q-room-1-children=0&sort-order=DISTANCE_FROM_LANDMARK,fPu6DIpu3bgz6Bdq34h3wtUjXac=,src\main\resources\apiCache\hotels\fPu6DIpu3bgz6Bdq34h3wtUjXac=.json
2016-12-31T07:06:35.426Z,https://maps.googleapis.com/maps/api/directions/json?origin=California%2C+PA&key=AIzaSyBrc16mMFU7w8Hyo7nFD6ny5SjeOapkY9Q&waypoints=optimize%3Atrue%7CWesley+Hills%2C+NY%7CGroves%2C+TX&destination=California%2C+PA,K1lY9eEVWiNM8alcMKLBFNPGgDI=,src\main\resources\apiCache\google\maps\directions\order\K1lY9eEVWiNM8alcMKLBFNPGgDI=.json
2016-12-31T07:06:36.302Z,https://www.hotels.com/search.do?q-destination=Groves%2C+TX&q-check-in=2017-03-01&q-check-out=2017-03-07&q-rooms=1&q-room-0-adults=2&q-room-0-children=0&sort-order=DISTANCE_FROM_LANDMARK,uiMctsHdQ2cnFApu7N0_dSpN4WA=,src\main\resources\apiCache\hotels\uiMctsHdQ2cnFApu7N0_dSpN4WA=.json
2016-12-31T07:06:36.955Z,https://www.hotels.com/search.do?q-destination=Wesley+Hills%2C+NY&q-check-in=2017-03-07&q-check-out=2017-03-14&q-rooms=1&q-room-0-adults=2&q-room-0-children=0&sort-order=DISTANCE_FROM_LANDMARK,osXjfRtYKPAIpWwXZTC9KNcSzEI=,src\main\resources\apiCache\hotels\osXjfRtYKPAIpWwXZTC9KNcSzEI=.json
2016-12-31T07:06:38.797Z,https://maps.googleapis.com/maps/api/directions/json?origin=North+Aurora%2C+IL&key=AIzaSyBrc16mMFU7w8Hyo7nFD6ny5SjeOapkY9Q&waypoints=optimize%3Atrue%7CNew+Castle%2C+DE%7CMonticello%2C+IL&destination=North+Aurora%2C+IL,xwTMY4DjXZSvexYAz0cjMTITq6s=,src\main\resources\apiCache\google\maps\directions\order\xwTMY4DjXZSvexYAz0cjMTITq6s=.json
2016-12-31T07:06:39.412Z,https://www.hotels.com/search.do?q-destination=Monticello%2C+IL&q-check-in=2017-02-07&q-check-out=2017-02-08&q-rooms=3&q-room-0-adults=2&q-room-0-children=0&q-room-1-adults=2&q-room-1-children=0&q-room-2-adults=1&q-room-2-children=0&sort-order=DISTANCE_FROM_LANDMARK,w2cN8gF577nmzAzuTCMzKpfJxAY=,src\main\resources\apiCache\hotels\w2cN8gF577nmzAzuTCMzKpfJxAY=.json
2016-12-31T07:06:39.571Z,https://www.hotels.com/search.do?q-destination=New+Castle%2C+DE&q-check-in=2017-02-08&q-check-out=2017-02-11&q-rooms=3&q-room-0-adults=2&q-room-0-children=0&q-room-1-adults=2&q-room-1-children=0&q-room-2-adults=1&q-room-2-children=0&sort-order=DISTANCE_FROM_LANDMARK,FqHo9HJjr-Hlh_N4Vfax1Y_I2Eo=,src\main\resources\apiCache\hotels\FqHo9HJjr-Hlh_N4Vfax1Y_I2Eo=.json
2016-12-31T07:06:40.318Z,https://maps.googleapis.com/maps/api/directions/json?origin=Abingdon%2C+VA&key=AIzaSyBrc16mMFU7w8Hyo7nFD6ny5SjeOapkY9Q&waypoints=optimize%3Atrue&destination=Abingdon%2C+VA,CdyJzXyg6uw7-PU76O2c5GzL3_M=,src\main\resources\apiCache\google\maps\directions\order\CdyJzXyg6uw7-PU76O2c5GzL3_M=.json
